{
  "ScriptType": "MotionData",
  "MotionFileName": "D:\\YMIR WORK\\pc\\shaman\\horse_bell\\combo_02.GR2",
  "MotionDuration": 1.1,
  "ComboInputData": {
    "PreInputTime": 0.136496,
    "DirectInputTime": 0.4309,
    "InputLimitTime": 0.572749
  },
  "AttackingData": {
    "AttackType": 0,
    "HittingType": 1,
    "StiffenTime": 0,
    "InvisibleTime": 0.3,
    "ExternalForce": 20,
    "HitLimitCount": 0,
    "MotionType": 2,
    "HitDataCount": 1
  },
  "HitData00": {
    "AttackingStartTime": 0.165937,
    "AttackingEndTime": 0.318491,
    "AttackingBone": "equip_right",
    "WeaponLength": 100,
    "HitPosition": [
      [
        0.165937,
        49.914791,
        -20.773285,
        -6.905417,
        48.264427,
        78.798607,
        1.973984
      ],
      [
        0.17427,
        50.060627,
        -22.285032,
        -7.240717,
        52.537445,
        77.279556,
        1.706108
      ],
      [
        0.182603,
        50.334351,
        -24.697628,
        -7.106318,
        57.578377,
        74.763771,
        0.269284
      ],
      [
        0.190937,
        50.654083,
        -28.246086,
        -6.390517,
        63.128986,
        70.911987,
        -3.079743
      ],
      [
        0.19927,
        50.886227,
        -32.863522,
        -4.990009,
        69.016899,
        65.421883,
        -8.23376
      ],
      [
        0.207603,
        50.867275,
        -38.411602,
        -2.770172,
        75.031677,
        57.838936,
        -14.978597
      ],
      [
        0.215937,
        50.263363,
        -45.098152,
        0.53311,
        82.258919,
        46.986797,
        -21.675055
      ],
      [
        0.22427,
        48.698429,
        -52.930397,
        5.320333,
        90.883018,
        31.829168,
        -26.867538
      ],
      [
        0.232603,
        45.72958,
        -61.454494,
        11.998148,
        99.894989,
        11.746791,
        -29.296734
      ],
      [
        0.240937,
        40.937531,
        -69.810791,
        20.790543,
        107.846001,
        -13.057166,
        -27.138563
      ],
      [
        0.24927,
        34.42234,
        -76.120979,
        29.66556,
        111.886391,
        -38.444527,
        -21.113789
      ],
      [
        0.257603,
        26.927567,
        -79.891121,
        36.989952,
        111.012573,
        -61.412743,
        -13.881019
      ],
      [
        0.265937,
        18.784693,
        -81.676353,
        43.116943,
        105.826431,
        -82.330292,
        -6.08126
      ],
      [
        0.27427,
        9.928664,
        -81.675888,
        48.386154,
        96.292229,
        -101.685417,
        2.138904
      ],
      [
        0.282603,
        1.113156,
        -79.746811,
        53.323112,
        82.863014,
        -118.537621,
        10.756915
      ],
      [
        0.290937,
        -6.255333,
        -76.049126,
        58.49279,
        67.556763,
        -131.402908,
        19.92362
      ],
      [
        0.29927,
        -12.114217,
        -70.865326,
        63.823658,
        51.198727,
        -140.343719,
        29.722692
      ],
      [
        0.307603,
        -16.503527,
        -64.408569,
        69.15683,
        34.351444,
        -145.469101,
        40.156052
      ],
      [
        0.315937,
        -19.518797,
        -57.164223,
        74.093506,
        18.252884,
        -146.881943,
        51.212807
      ]
    ]
  }
}