{
  "ScriptType": "MotionData",
  "MotionFileName": "d:/ymir work/monster/stray_dog/20_1.gr2",
  "MotionDuration": 1.333333,
  "AttackingData": {
    "AttackingType": 1,
    "HittingType": 2,
    "StiffenTime": 0,
    "InvisibleTime": 0.3,
    "ExternalForce": 0,
    "AttackingStartTime": 0.376068,
    "AttackingEndTime": 0.608547,
    "AttackingBone": "Bip01 HeadNub",
    "WeaponLength": 0,
    "HitPosition": [
      [
        0.376068,
        -1.743626,
        -49.707027,
        44.649536,
        -1.743625,
        -49.707024,
        44.649532
      ],
      [
        0.384402,
        -0.710905,
        -50.045456,
        48.21806,
        -0.710905,
        -50.045452,
        48.218056
      ],
      [
        0.392735,
        0.294852,
        -50.626987,
        53.634834,
        0.294852,
        -50.626984,
        53.63483
      ],
      [
        0.401068,
        1.25035,
        -51.302269,
        60.840366,
        1.25035,
        -51.302265,
        60.840363
      ],
      [
        0.409402,
        2.11969,
        -51.893368,
        69.735847,
        2.11969,
        -51.893364,
        69.73584
      ],
      [
        0.417735,
        2.855664,
        -52.21122,
        80.147583,
        2.855664,
        -52.211216,
        80.147575
      ],
      [
        0.426068,
        3.496863,
        -52.407303,
        90.490417,
        3.496863,
        -52.407299,
        90.49041
      ],
      [
        0.434402,
        4.093603,
        -52.735409,
        99.92688,
        4.093603,
        -52.735405,
        99.926872
      ],
      [
        0.442735,
        4.659451,
        -53.27158,
        108.555809,
        4.65945,
        -53.271576,
        108.555801
      ],
      [
        0.451068,
        5.212357,
        -54.048584,
        116.457336,
        5.212357,
        -54.04858,
        116.457329
      ],
      [
        0.459402,
        5.770572,
        -55.077271,
        123.663826,
        5.770572,
        -55.077267,
        123.663818
      ],
      [
        0.467735,
        6.248569,
        -56.977551,
        128.939072,
        6.248568,
        -56.977547,
        128.939056
      ],
      [
        0.476068,
        6.635565,
        -60.317421,
        131.619781,
        6.635565,
        -60.317417,
        131.619766
      ],
      [
        0.484402,
        6.964324,
        -65.240646,
        131.753372,
        6.964323,
        -65.240639,
        131.753357
      ],
      [
        0.492735,
        7.224097,
        -71.765709,
        129.242065,
        7.224096,
        -71.765701,
        129.24205
      ],
      [
        0.501068,
        7.358919,
        -79.748405,
        123.87114,
        7.358918,
        -79.748398,
        123.871132
      ],
      [
        0.509402,
        7.175956,
        -88.240082,
        116.780792,
        7.175955,
        -88.240074,
        116.780785
      ],
      [
        0.517735,
        6.552443,
        -96.685242,
        108.799385,
        6.552443,
        -96.685234,
        108.799377
      ],
      [
        0.526068,
        5.467412,
        -104.943634,
        99.89386,
        5.467411,
        -104.943626,
        99.893852
      ],
      [
        0.534402,
        3.924767,
        -112.778915,
        90.011505,
        3.924767,
        -112.778908,
        90.011497
      ],
      [
        0.542735,
        1.963859,
        -119.836388,
        79.153885,
        1.963859,
        -119.83638,
        79.153877
      ],
      [
        0.551068,
        0.163715,
        -125.332291,
        69.086151,
        0.163715,
        -125.332283,
        69.086143
      ],
      [
        0.559402,
        -1.11569,
        -129.425262,
        61.030487,
        -1.115689,
        -129.425247,
        61.030483
      ],
      [
        0.567735,
        -1.856529,
        -132.629044,
        55.050758,
        -1.856529,
        -132.629028,
        55.050755
      ],
      [
        0.576068,
        -2.0381,
        -135.258362,
        51.145355,
        -2.038099,
        -135.258347,
        51.145351
      ],
      [
        0.584402,
        -1.626141,
        -137.430267,
        49.305222,
        -1.626141,
        -137.430252,
        49.305218
      ],
      [
        0.592735,
        -0.897054,
        -139.18544,
        48.460716,
        -0.897054,
        -139.185425,
        48.460712
      ],
      [
        0.601068,
        -0.065588,
        -140.531448,
        47.924362,
        -0.065588,
        -140.531433,
        47.924358
      ]
    ]
  }
}