{
  "ScriptType": "MotionData",
  "MotionFileName": "d:/ymir work/pc/shaman/fan/combo_02.gr2",
  "MotionDuration": 1,
  "Accumulation": [],
  "ComboInputData": {
    "PreInputTime": 0.146154,
    "DirectInputTime": 0.487179,
    "InputLimitTime": 0.620513
  },
  "AttackingData": {
    "AttackType": 0,
    "HittingType": 2,
    "StiffenTime": 0,
    "InvisibleTime": 0.3,
    "ExternalForce": 3,
    "MotionType": 2,
    "HitDataCount": 1
  },
  "HitData00": {
    "AttackingStartTime": 0.235897,
    "AttackingEndTime": 0.379487,
    "AttackingBone": "equip_right",
    "WeaponLength": 51,
    "HitPosition": [
      [
        0.235897,
        -34.43726,
        -63.836655,
        95.549911,
        6.945831,
        -90.61998,
        82.469719
      ],
      [
        0.244231,
        -48.866096,
        -54.882469,
        105.242493,
        -17.414835,
        -93.581596,
        94.562904
      ],
      [
        0.252564,
        -59.952187,
        -41.54509,
        114.38311,
        -40.440613,
        -88.180389,
        107.645515
      ],
      [
        0.260897,
        -66.133255,
        -26.662279,
        122.081223,
        -58.333248,
        -76.951195,
        118.740517
      ],
      [
        0.269231,
        -67.978645,
        -12.649668,
        128.115784,
        -70.432167,
        -63.570232,
        126.695526
      ],
      [
        0.277564,
        -66.820892,
        -0.732294,
        132.500458,
        -77.814339,
        -50.517578,
        131.264709
      ],
      [
        0.285897,
        -63.869255,
        8.688789,
        135.360825,
        -81.861076,
        -38.959156,
        132.73912
      ],
      [
        0.294231,
        -59.971043,
        16.093016,
        137.374893,
        -83.989586,
        -28.679974,
        132.961548
      ],
      [
        0.302564,
        -55.812679,
        21.507076,
        138.803986,
        -84.795464,
        -19.956282,
        132.346725
      ],
      [
        0.310897,
        -51.965466,
        25.004482,
        139.816986,
        -84.758675,
        -13.060397,
        131.06424
      ],
      [
        0.319231,
        -48.612896,
        27.157961,
        140.570999,
        -84.204185,
        -7.903364,
        130.326874
      ],
      [
        0.327564,
        -45.420406,
        29.037426,
        141.408829,
        -83.25518,
        -3.999626,
        132.572647
      ],
      [
        0.335897,
        -42.333771,
        30.848272,
        142.652603,
        -81.828934,
        -1.106789,
        138.182388
      ],
      [
        0.344231,
        -39.250828,
        32.701916,
        144.43898,
        -79.259399,
        1.202743,
        147.286011
      ],
      [
        0.352564,
        -36.17226,
        34.43087,
        146.39389,
        -74.954414,
        3.366897,
        157.881424
      ],
      [
        0.360897,
        -33.202343,
        35.893639,
        148.206741,
        -68.877281,
        5.430126,
        168.213486
      ],
      [
        0.369231,
        -30.379833,
        37.129784,
        149.854767,
        -60.881218,
        7.358673,
        177.860916
      ],
      [
        0.377564,
        -27.735455,
        38.178413,
        151.307114,
        -50.93977,
        9.167285,
        186.248642
      ]
    ]
  }
}