{
  "ScriptType": "MotionData",
  "MotionFileName": "d:/ymir work/monster2/zombie_king/20.gr2",
  "MotionDuration": 1.5,
  "Accumulation": [
    0,
    0,
    0
  ],
  "AttackingData": {
    "AttackType": 0,
    "HittingType": 2,
    "StiffenTime": 0,
    "InvisibleTime": 0.3,
    "ExternalForce": 0,
    "HitLimitCount": 0,
    "MotionType": 1,
    "HitDataCount": 1
  },
  "HitData00": {
    "AttackingStartTime": 0.934307,
    "AttackingEndTime": 1.060827,
    "AttackingBone": "equip_Box01",
    "WeaponLength": 166,
    "HitPosition": [
      [
        0.934307,
        95.995079,
        -2.842124,
        70.17421,
        145.461304,
        155.569458,
        67.896141
      ],
      [
        0.94264,
        88.863121,
        -12.705137,
        68.898064,
        184.425186,
        122.214714,
        54.58622
      ],
      [
        0.950973,
        79.697365,
        -28.30887,
        67.591682,
        210.223221,
        69.627228,
        37.162113
      ],
      [
        0.959307,
        65.814941,
        -49.716515,
        68.440529,
        216.554932,
        1.053203,
        21.053465
      ],
      [
        0.96764,
        42.930405,
        -74.38504,
        74.727905,
        196.440186,
        -78.687935,
        11.89894
      ],
      [
        0.975973,
        8.688457,
        -94.926971,
        89.65519,
        143.534332,
        -159.083557,
        17.292189
      ],
      [
        0.984307,
        -34.78183,
        -101.203354,
        114.420845,
        55.742794,
        -221.985672,
        45.345722
      ],
      [
        0.99264,
        -80.869408,
        -81.833221,
        148.257263,
        -61.218864,
        -239.037064,
        98.859215
      ],
      [
        1.000973,
        -111.35511,
        -28.779613,
        184.984756,
        -175.551468,
        -181.202835,
        171.9608
      ],
      [
        1.009307,
        -105.952599,
        36.37928,
        207.261383,
        -229.909973,
        -70.957047,
        233.021027
      ],
      [
        1.01764,
        -76.356812,
        84.838791,
        211.808594,
        -225.111755,
        34.298954,
        265.319672
      ],
      [
        1.025973,
        -40.776855,
        112.403549,
        206.127869,
        -191.213089,
        113.260567,
        276.049042
      ],
      [
        1.034307,
        -9.026162,
        124.663452,
        195.815048,
        -149.480988,
        166.505951,
        273.736572
      ],
      [
        1.04264,
        17.429497,
        127.337524,
        186.134369,
        -107.806664,
        199.67247,
        267.608887
      ],
      [
        1.050973,
        37.567612,
        125.034859,
        178.853333,
        -72.19297,
        218.183395,
        261.474335
      ],
      [
        1.059307,
        51.224873,
        121.425858,
        174.165115,
        -46.307106,
        227.599411,
        256.423737
      ]
    ]
  }
}