{
  "ScriptType": "MotionData",
  "MotionFileName": "d:/ymir work/monster/misterious_diseased_boss/20.gr2",
  "MotionDuration": 1.5,
  "AttackingData": {
    "AttackType": 0,
    "HittingType": 2,
    "StiffenTime": 0,
    "InvisibleTime": 0.3,
    "ExternalForce": 0,
    "MotionType": 1,
    "HitDataCount": 1
  },
  "HitData00": {
    "AttackingStartTime": 0.664234,
    "AttackingEndTime": 0.927007,
    "AttackingBone": "Bip01 R Hand",
    "WeaponLength": 51,
    "HitPosition": [
      [
        0.664234,
        -88.974319,
        -24.768858,
        231.278656,
        -58.202496,
        -54.0373,
        203.05661
      ],
      [
        0.672567,
        -90.25441,
        -45.565937,
        217.497345,
        -52.854946,
        -63.949852,
        188.104538
      ],
      [
        0.6809,
        -89.029083,
        -62.762447,
        200.999786,
        -46.518902,
        -71.443253,
        174.196182
      ],
      [
        0.689234,
        -85.665619,
        -76.906746,
        183.025024,
        -39.599655,
        -77.745201,
        161.157257
      ],
      [
        0.697567,
        -80.432167,
        -88.441673,
        164.082626,
        -32.188042,
        -83.465439,
        148.311646
      ],
      [
        0.7059,
        -73.480011,
        -97.419464,
        144.476929,
        -24.155493,
        -88.566063,
        135.006805
      ],
      [
        0.714234,
        -65.409363,
        -104.009155,
        126.777985,
        -15.720908,
        -93.308273,
        122.598763
      ],
      [
        0.722567,
        -56.959457,
        -109.388351,
        111.582336,
        -7.124008,
        -98.569374,
        111.285622
      ],
      [
        0.7309,
        -48.534187,
        -114.362175,
        98.393982,
        1.541904,
        -105.01078,
        100.724045
      ],
      [
        0.739234,
        -40.435619,
        -119.16954,
        86.67379,
        10.036643,
        -113.086998,
        90.681915
      ],
      [
        0.747567,
        -33.050259,
        -123.513733,
        75.909332,
        17.697721,
        -122.970482,
        80.91716
      ],
      [
        0.7559,
        -26.392136,
        -126.201691,
        65.772591,
        23.809069,
        -133.180328,
        71.432144
      ],
      [
        0.764234,
        -19.488945,
        -126.373886,
        56.840427,
        29.005114,
        -140.73407,
        63.386444
      ],
      [
        0.772567,
        -12.538544,
        -125.376114,
        49.62809,
        33.184776,
        -146.640701,
        57.20034
      ],
      [
        0.7809,
        -5.922545,
        -124.585548,
        44.562122,
        36.005104,
        -152.184464,
        53.485054
      ],
      [
        0.789234,
        -0.2061,
        -125.221931,
        42.069122,
        36.841946,
        -158.459442,
        53.079899
      ],
      [
        0.797567,
        3.753724,
        -128.114105,
        42.700535,
        34.751812,
        -165.960556,
        57.034359
      ],
      [
        0.8059,
        5.402748,
        -131.509323,
        44.955681,
        30.387661,
        -172.368942,
        62.465454
      ],
      [
        0.814233,
        5.606127,
        -133.753784,
        46.97155,
        25.908943,
        -176.274521,
        66.48098
      ],
      [
        0.822567,
        5.246274,
        -134.865845,
        48.382996,
        22.442116,
        -178.215836,
        68.970329
      ],
      [
        0.8309,
        4.857697,
        -135.052948,
        49.035065,
        20.527447,
        -178.786972,
        69.974998
      ],
      [
        0.839233,
        4.671975,
        -134.51001,
        48.870476,
        20.32885,
        -178.385986,
        69.543571
      ],
      [
        0.847567,
        4.681261,
        -133.410645,
        47.989594,
        21.596413,
        -177.220215,
        67.862297
      ],
      [
        0.8559,
        4.671917,
        -132.446747,
        47.273216,
        22.715139,
        -176.136581,
        66.420944
      ],
      [
        0.864233,
        4.638079,
        -131.76413,
        46.883442,
        23.401869,
        -175.36142,
        65.533455
      ],
      [
        0.872567,
        4.599713,
        -131.365845,
        46.809097,
        23.675591,
        -174.929398,
        65.208488
      ],
      [
        0.8809,
        4.561528,
        -131.248215,
        47.043068,
        23.541441,
        -174.851212,
        65.448143
      ],
      [
        0.889233,
        4.513627,
        -131.401642,
        47.582867,
        22.989805,
        -175.114471,
        66.249535
      ],
      [
        0.897567,
        4.452244,
        -131.681198,
        48.273712,
        22.25034,
        -175.514572,
        67.321846
      ],
      [
        0.9059,
        4.409035,
        -131.848923,
        48.826366,
        21.781647,
        -175.736221,
        68.141396
      ],
      [
        0.914233,
        4.396094,
        -131.91098,
        49.230755,
        21.60108,
        -175.795502,
        68.698822
      ],
      [
        0.922567,
        4.41901,
        -131.873199,
        49.484615,
        21.711842,
        -175.703842,
        68.994835
      ]
    ]
  }
}