{
  "ScriptType": "MotionData",
  "MotionFileName": "d:\\ymir work\\monster2\\ch_footman\\20.GR2",
  "MotionDuration": 1.5,
  "AttackingData": {
    "AttackType": 1,
    "HittingType": 2,
    "StiffenTime": 0,
    "InvisibleTime": 0,
    "ExternalForce": 0,
    "HitLimitCount": 0,
    "MotionType": 1,
    "HitDataCount": 1
  },
  "HitData00": {
    "AttackingStartTime": 0.452555,
    "AttackingEndTime": 0.653285,
    "AttackingBone": "Bip01 R Hand",
    "WeaponLength": 90,
    "HitPosition": [
      [
        0.452555,
        -35.12904,
        -69.972687,
        104.946899,
        -122.056664,
        -72.691612,
        86.684563
      ],
      [
        0.460888,
        -16.382044,
        -80.96917,
        110.56543,
        -94.703804,
        -119.393776,
        92.021851
      ],
      [
        0.469221,
        4.970793,
        -83.812622,
        114.585693,
        -52.325245,
        -149.894485,
        95.871521
      ],
      [
        0.477555,
        23.789631,
        -80.00386,
        117.912292,
        -7.795585,
        -161.998245,
        100.279366
      ],
      [
        0.485888,
        38.092728,
        -73.273567,
        121.763199,
        30.248468,
        -161.421249,
        107.023994
      ],
      [
        0.494221,
        48.861946,
        -65.564484,
        126.61026,
        60.789787,
        -153.907455,
        116.130676
      ],
      [
        0.502555,
        56.94323,
        -57.557159,
        132.987976,
        84.733337,
        -142.783737,
        128.058792
      ],
      [
        0.510888,
        62.451839,
        -49.267242,
        141.268463,
        103.031822,
        -129.359589,
        143.421555
      ],
      [
        0.519221,
        64.753082,
        -40.583961,
        150.893127,
        115.893394,
        -113.687675,
        161.99968
      ],
      [
        0.527555,
        64.211967,
        -32.181812,
        158.380035,
        124.08989,
        -96.196709,
        178.706924
      ],
      [
        0.535888,
        62.381821,
        -25.438568,
        163.356598,
        127.980499,
        -79.692467,
        192.496399
      ],
      [
        0.544221,
        60.616249,
        -20.895754,
        166.44838,
        128.689636,
        -66.323982,
        203.769867
      ],
      [
        0.552555,
        59.817879,
        -18.570984,
        168.20752,
        127.5709,
        -57.164867,
        213.057297
      ],
      [
        0.560888,
        60.473587,
        -18.356775,
        168.943588,
        125.665123,
        -52.510128,
        220.718567
      ],
      [
        0.569221,
        62.07592,
        -19.468182,
        168.993622,
        123.297943,
        -50.858448,
        227.013031
      ],
      [
        0.577555,
        63.268955,
        -20.380651,
        168.955841,
        120.141457,
        -49.402012,
        232.384933
      ],
      [
        0.585888,
        64.004364,
        -21.044847,
        168.882355,
        116.323952,
        -48.111637,
        236.92543
      ],
      [
        0.594221,
        64.273712,
        -21.457001,
        168.790054,
        111.948479,
        -47.030621,
        240.711395
      ],
      [
        0.602555,
        64.068748,
        -21.614542,
        168.676422,
        107.098328,
        -46.202553,
        243.799286
      ],
      [
        0.610888,
        63.388741,
        -21.526119,
        168.522919,
        101.856697,
        -45.672112,
        246.221451
      ],
      [
        0.619221,
        62.504482,
        -21.557106,
        168.423141,
        96.233452,
        -45.35799,
        248.397293
      ],
      [
        0.627555,
        61.555408,
        -21.873478,
        168.437653,
        90.178299,
        -45.130131,
        250.53334
      ],
      [
        0.635888,
        60.532913,
        -22.444408,
        168.566254,
        83.658096,
        -44.882206,
        252.598465
      ],
      [
        0.644221,
        59.422943,
        -23.237289,
        168.804596,
        76.650581,
        -44.497601,
        254.541092
      ],
      [
        0.652555,
        58.207199,
        -24.217438,
        169.144272,
        69.151459,
        -43.851784,
        256.290222
      ]
    ]
  }
}