{
  "ScriptType": "MotionData",
  "MotionFileName": "d:/ymir work/pc2/assassin/horse_onehand_sword/combo_02.gr2",
  "MotionDuration": 1.1,
  "Accumulation": [
    0,
    -139.85,
    0
  ],
  "ComboInputData": {
    "PreInputTime": 0.3,
    "DirectInputTime": 0.4,
    "InputLimitTime": 0.5
  },
  "AttackingData": {
    "AttackType": 0,
    "HittingType": 1,
    "StiffenTime": 0,
    "InvisibleTime": 0.3,
    "ExternalForce": 20,
    "HitLimitCount": 0,
    "MotionType": 2,
    "HitDataCount": 1
  },
  "HitData00": {
    "AttackingStartTime": 0.203406,
    "AttackingEndTime": 0.33455,
    "AttackingBone": "equip_right",
    "WeaponLength": 100,
    "HitPosition": [
      [
        0.203406,
        59.838261,
        -26.81925,
        133.137817,
        65.121849,
        73.008949,
        130.745712
      ],
      [
        0.21174,
        58.801292,
        -32.51651,
        133.307739,
        67.890579,
        66.237061,
        120.509415
      ],
      [
        0.220073,
        57.258865,
        -39.579369,
        134.369781,
        71.541908,
        56.174953,
        109.336403
      ],
      [
        0.228406,
        54.994572,
        -47.876896,
        136.641357,
        75.618294,
        41.949219,
        97.839317
      ],
      [
        0.23674,
        51.777473,
        -57.075001,
        140.43602,
        79.321724,
        22.849428,
        87.032074
      ],
      [
        0.245073,
        47.483212,
        -66.301903,
        145.819977,
        81.539795,
        -0.650864,
        78.519814
      ],
      [
        0.253406,
        42.520962,
        -73.596443,
        152.128189,
        81.088264,
        -24.564451,
        73.971756
      ],
      [
        0.26174,
        37.26527,
        -78.817047,
        159.275909,
        78.528023,
        -47.847916,
        73.614502
      ],
      [
        0.270073,
        31.881012,
        -82.032349,
        167.301483,
        74.360565,
        -70.212944,
        77.551277
      ],
      [
        0.278406,
        26.460945,
        -83.20726,
        176.179398,
        68.73307,
        -91.294464,
        85.916656
      ],
      [
        0.28674,
        21.672581,
        -82.567039,
        185.707809,
        62.098549,
        -110.224922,
        98.525612
      ],
      [
        0.295073,
        17.716404,
        -80.186668,
        195.636383,
        55.136803,
        -126.234749,
        115.143387
      ],
      [
        0.303406,
        14.562687,
        -76.05542,
        205.698578,
        48.343029,
        -138.644394,
        135.4077
      ],
      [
        0.31174,
        12.106395,
        -70.196358,
        215.528107,
        42.026661,
        -146.767212,
        158.597672
      ],
      [
        0.320073,
        10.054221,
        -63.501755,
        223.816025,
        36.251865,
        -150.010208,
        181.038269
      ],
      [
        0.328406,
        8.287035,
        -56.778744,
        230.27951,
        30.991735,
        -149.485016,
        200.450272
      ]
    ]
  }
}