{
  "ScriptType": "MotionData",
  "MotionFileName": "D:\\YMIR WORK\\pc\\assassin\\onehand_sword\\combo_07.GR2",
  "MotionDuration": 1.266667,
  "ComboInputData": {
    "PreInputTime": 1.266667,
    "DirectInputTime": 1.266667,
    "InputLimitTime": 1.266667
  },
  "AttackingData": {
    "AttackType": 0,
    "HittingType": 1,
    "StiffenTime": 0,
    "InvisibleTime": 0.2,
    "ExternalForce": 17,
    "HitLimitCount": 0,
    "MotionType": 2,
    "HitDataCount": 1
  },
  "HitData00": {
    "AttackingStartTime": 0.468451,
    "AttackingEndTime": 0.5794,
    "AttackingBone": "equip_right",
    "WeaponLength": 100,
    "HitPosition": [
      [
        0.468451,
        45.463356,
        -43.755058,
        122.235168,
        71.555824,
        51.825191,
        135.52037
      ],
      [
        0.476784,
        38.118999,
        -57.442844,
        118.442337,
        98.291039,
        19.426584,
        139.837631
      ],
      [
        0.485118,
        25.641903,
        -70.340385,
        114.234222,
        112.796822,
        -28.467466,
        139.493927
      ],
      [
        0.493451,
        7.675504,
        -79.654579,
        109.85186,
        104.777519,
        -84.653915,
        133.126694
      ],
      [
        0.501784,
        -14.617961,
        -82.082016,
        105.324654,
        67.866295,
        -136.549164,
        120.307793
      ],
      [
        0.510118,
        -37.891392,
        -74.441101,
        100.912338,
        3.402824,
        -165.42746,
        101.364365
      ],
      [
        0.518451,
        -55.846737,
        -56.221008,
        97.226776,
        -70.52227,
        -153.407394,
        79.137207
      ],
      [
        0.526784,
        -62.607201,
        -35.298393,
        95.342644,
        -120.377525,
        -109.928238,
        62.32737
      ],
      [
        0.535118,
        -60.800201,
        -17.556452,
        94.822838,
        -141.052856,
        -59.138645,
        52.063675
      ],
      [
        0.543451,
        -54.512058,
        -4.831806,
        95.088295,
        -141.564758,
        -15.05335,
        47.010559
      ],
      [
        0.551784,
        -46.833683,
        3.176418,
        95.774673,
        -132.209167,
        18.133474,
        45.95499
      ],
      [
        0.560118,
        -39.386257,
        7.738491,
        96.623566,
        -119.573738,
        41.951794,
        47.653866
      ],
      [
        0.568451,
        -32.664024,
        10.297698,
        97.238228,
        -105.907883,
        59.021458,
        49.688137
      ],
      [
        0.576784,
        -27.20994,
        11.581553,
        97.551727,
        -93.731392,
        70.160179,
        51.280567
      ]
    ]
  }
}