{
  "ScriptType": "MotionData",
  "MotionFileName": "d:/ymir work/pc/sura/onehand_sword/combo_03.gr2",
  "MotionDuration": 1.166667,
  "Accumulation": [],
  "ComboInputData": {
    "PreInputTime": 0.179487,
    "DirectInputTime": 0.478633,
    "InputLimitTime": 0.655128,
    "LinkTime": 0.060171
  },
  "AttackingData": {
    "AttackingType": 2,
    "HittingType": 2,
    "StiffenTime": 0,
    "InvisibleTime": 0.3,
    "ExternalForce": 5,
    "AttackingStartTime": 0.233333,
    "AttackingEndTime": 0.338034,
    "AttackingBone": "Bip01 R Hand",
    "WeaponLength": 130,
    "HitPosition": [
      [
        0.233333,
        -85.305809,
        -43.219658,
        93.532715,
        -129.178894,
        78.939323,
        86.298813
      ],
      [
        0.241666,
        -81.460327,
        -61.52177,
        96.758209,
        -151.133133,
        47.244438,
        82.074501
      ],
      [
        0.25,
        -72.020088,
        -80.200714,
        101.113976,
        -167.949966,
        4.840049,
        79.538193
      ],
      [
        0.258333,
        -56.155426,
        -96.888687,
        106.083534,
        -173.174438,
        -47.150288,
        79.016479
      ],
      [
        0.266666,
        -35.839333,
        -108.548981,
        111.42659,
        -162.114151,
        -100.752998,
        81.52877
      ],
      [
        0.275,
        -12.930931,
        -113.804291,
        116.885086,
        -134.268723,
        -149.630768,
        86.992126
      ],
      [
        0.283333,
        10.766887,
        -111.886131,
        122.124603,
        -90.86377,
        -188.194168,
        94.769821
      ],
      [
        0.291666,
        33.101658,
        -102.492134,
        126.802559,
        -35.009155,
        -210.846222,
        103.992508
      ],
      [
        0.3,
        50.365829,
        -87.563637,
        130.203735,
        22.889706,
        -213.514969,
        113.431328
      ],
      [
        0.308333,
        60.891762,
        -71.24437,
        132.13887,
        71.796471,
        -200.420654,
        122.414482
      ],
      [
        0.316666,
        66.092491,
        -56.059097,
        133.064743,
        109.187546,
        -178.693222,
        131.146271
      ],
      [
        0.325,
        67.710365,
        -43.37001,
        133.383606,
        135.47023,
        -154.10672,
        140.162811
      ],
      [
        0.333333,
        67.290955,
        -33.351326,
        133.347092,
        152.914124,
        -129.806808,
        149.626007
      ]
    ]
  }
}