{
  "ScriptType": "MotionData",
  "MotionFileName": "d:/ymir work/pc/sura/onehand_sword/combo_01.gr2",
  "MotionDuration": 1,
  "Accumulation": [
    0,
    -126.02,
    0
  ],
  "ComboInputData": {
    "PreInputTime": 0.401709,
    "DirectInputTime": 0.666667,
    "InputLimitTime": 1.07265,
    "LinkTime": 0.058889
  },
  "AttackingData": {
    "AttackingType": 2,
    "HittingType": 2,
    "StiffenTime": 0,
    "InvisibleTime": 0.1,
    "ExternalForce": 8,
    "AttackingStartTime": 0.238462,
    "AttackingEndTime": 0.351282,
    "AttackingBone": "Box01",
    "WeaponLength": 130,
    "HitPosition": [
      [
        0.238462,
        -71.291481,
        -59.983501,
        177.653442,
        -130.55986,
        46.587196,
        222.708328
      ],
      [
        0.246795,
        -66.677185,
        -90.167473,
        166.633789,
        -168.03685,
        -45.645199,
        234.780594
      ],
      [
        0.255128,
        -50.208786,
        -116.455612,
        149.572327,
        -152.955521,
        -163.142059,
        214.097366
      ],
      [
        0.263462,
        -27.12818,
        -131.025925,
        133.477158,
        -91.01828,
        -237.600479,
        171.686066
      ],
      [
        0.271795,
        -2.516709,
        -135.59584,
        119.231377,
        -20.177599,
        -264.209625,
        126.055099
      ],
      [
        0.280128,
        20.39562,
        -132.342911,
        106.396278,
        35.383854,
        -259.838745,
        85.898582
      ],
      [
        0.288462,
        38.741085,
        -123.825317,
        95.650543,
        72.390602,
        -243.323563,
        57.077534
      ],
      [
        0.296795,
        52.148834,
        -112.630608,
        88.58532,
        103.194649,
        -220.22908,
        36.461502
      ],
      [
        0.305128,
        62.005711,
        -100.638489,
        84.965889,
        129.111115,
        -191.358932,
        20.416182
      ],
      [
        0.313461,
        69.210793,
        -88.99263,
        84.549286,
        149.812851,
        -156.561234,
        8.143867
      ],
      [
        0.321795,
        73.771904,
        -78.917801,
        85.625473,
        163.87085,
        -122.831856,
        2.838157
      ],
      [
        0.330128,
        76.219673,
        -71.018562,
        86.608475,
        173.134995,
        -97.081551,
        3.975891
      ],
      [
        0.338461,
        77.417572,
        -65.370186,
        87.052025,
        180.736771,
        -80.469093,
        9.610663
      ],
      [
        0.346795,
        77.949997,
        -61.759296,
        86.759819,
        188.303513,
        -71.981117,
        18.806814
      ]
    ]
  }
}