{
  "ScriptType": "MotionData",
  "MotionFileName": "d:/ymir work/monster/wild_boar_god/20.gr2",
  "MotionDuration": 1.9,
  "AttackingData": {
    "AttackingType": 1,
    "HittingType": 2,
    "StiffenTime": 0,
    "InvisibleTime": 0.3,
    "ExternalForce": 0,
    "AttackingStartTime": 0.955556,
    "AttackingEndTime": 1.261111,
    "AttackingBone": "Bip01 HeadNub",
    "WeaponLength": 0,
    "HitPosition": [
      [
        0.955556,
        110.593491,
        -55.043049,
        40.990334,
        110.593483,
        -55.043045,
        40.99033
      ],
      [
        0.963889,
        109.436195,
        -58.30307,
        40.044235,
        109.436188,
        -58.303066,
        40.044231
      ],
      [
        0.972222,
        107.810913,
        -61.698429,
        38.30938,
        107.810905,
        -61.698425,
        38.309376
      ],
      [
        0.980556,
        105.671356,
        -65.132553,
        35.768974,
        105.671349,
        -65.132545,
        35.76897
      ],
      [
        0.988889,
        102.073318,
        -69.86763,
        33.907341,
        102.073311,
        -69.867622,
        33.907337
      ],
      [
        0.997222,
        95.347862,
        -78.028275,
        35.429626,
        95.347855,
        -78.028267,
        35.429623
      ],
      [
        1.005556,
        85.202896,
        -88.998528,
        40.76429,
        85.202888,
        -88.99852,
        40.764286
      ],
      [
        1.013889,
        71.367912,
        -101.5849,
        50.367729,
        71.367905,
        -101.584892,
        50.367725
      ],
      [
        1.022222,
        54.645561,
        -113.860474,
        63.435474,
        54.645557,
        -113.860466,
        63.435471
      ],
      [
        1.030556,
        37.085278,
        -124.507408,
        77.565704,
        37.085274,
        -124.507401,
        77.565697
      ],
      [
        1.038889,
        18.914101,
        -133.384933,
        92.409325,
        18.914099,
        -133.384918,
        92.409317
      ],
      [
        1.047222,
        0.283266,
        -140.308853,
        107.65274,
        0.283266,
        -140.308838,
        107.652733
      ],
      [
        1.055556,
        -17.603275,
        -145.103897,
        122.486946,
        -17.603273,
        -145.103882,
        122.486938
      ],
      [
        1.063889,
        -32.150833,
        -148.791336,
        135.83107,
        -32.150829,
        -148.791321,
        135.831055
      ],
      [
        1.072222,
        -43.661911,
        -152.885788,
        148.194412,
        -43.661907,
        -152.885773,
        148.194397
      ],
      [
        1.080556,
        -52.53421,
        -158.335129,
        160.104218,
        -52.534206,
        -158.335114,
        160.104202
      ],
      [
        1.088889,
        -59.359318,
        -164.845245,
        170.780762,
        -59.359314,
        -164.84523,
        170.780746
      ],
      [
        1.097222,
        -65.401817,
        -169.860916,
        176.827377,
        -65.40181,
        -169.860901,
        176.827362
      ],
      [
        1.105556,
        -70.728798,
        -173.149246,
        177.96489,
        -70.72879,
        -173.149231,
        177.964874
      ],
      [
        1.113889,
        -75.305084,
        -174.682526,
        174.164291,
        -75.305077,
        -174.68251,
        174.164276
      ],
      [
        1.122222,
        -79.082939,
        -174.787994,
        166.706467,
        -79.082932,
        -174.787979,
        166.706451
      ],
      [
        1.130556,
        -82.018806,
        -174.91684,
        160.949036,
        -82.018799,
        -174.916824,
        160.94902
      ],
      [
        1.138889,
        -84.123947,
        -175.292969,
        157.505676,
        -84.12394,
        -175.292953,
        157.505661
      ],
      [
        1.147222,
        -85.410896,
        -175.965668,
        156.412262,
        -85.410889,
        -175.965652,
        156.412247
      ],
      [
        1.155555,
        -85.943611,
        -176.878052,
        157.250748,
        -85.943604,
        -176.878036,
        157.250732
      ],
      [
        1.163889,
        -86.027008,
        -177.636871,
        157.810104,
        -86.027,
        -177.636856,
        157.810089
      ],
      [
        1.172222,
        -85.739594,
        -178.213882,
        157.831146,
        -85.739586,
        -178.213867,
        157.831131
      ],
      [
        1.180555,
        -85.118973,
        -178.630417,
        157.36525,
        -85.118965,
        -178.630402,
        157.365234
      ],
      [
        1.188889,
        -84.224846,
        -178.957718,
        156.523331,
        -84.224838,
        -178.957703,
        156.523315
      ],
      [
        1.197222,
        -83.254036,
        -179.583069,
        155.776566,
        -83.254028,
        -179.583054,
        155.77655
      ],
      [
        1.205555,
        -82.255432,
        -180.587326,
        155.22966,
        -82.255424,
        -180.587311,
        155.229645
      ],
      [
        1.213889,
        -81.241516,
        -181.978806,
        154.899689,
        -81.241508,
        -181.97879,
        154.899673
      ],
      [
        1.222222,
        -80.219269,
        -183.764572,
        154.728714,
        -80.219261,
        -183.764557,
        154.728699
      ],
      [
        1.230555,
        -79.19104,
        -185.968048,
        154.14653,
        -79.191032,
        -185.968033,
        154.146515
      ],
      [
        1.238889,
        -78.150734,
        -188.584244,
        153.010864,
        -78.150726,
        -188.584229,
        153.010849
      ],
      [
        1.247222,
        -77.089005,
        -191.598267,
        151.304932,
        -77.088997,
        -191.598251,
        151.304916
      ],
      [
        1.255555,
        -75.98764,
        -194.984116,
        149.008865,
        -75.987633,
        -194.9841,
        149.00885
      ]
    ]
  }
}