{
  "ScriptType": "MotionData",
  "MotionFileName": "D:\\ymir work\\monster2\\mutant_2\\20_1.GR2",
  "MotionDuration": 1.666667,
  "Accumulation": [
    0,
    0,
    0
  ],
  "AttackingData": {
    "AttackType": 0,
    "HittingType": 0,
    "StiffenTime": 0,
    "InvisibleTime": 0,
    "ExternalForce": 0,
    "HitLimitCount": 0,
    "MotionType": 0,
    "HitDataCount": 1
  },
  "HitData00": {
    "AttackingStartTime": 0.612328,
    "AttackingEndTime": 0.660989,
    "AttackingBone": "equip_right",
    "WeaponLength": 146,
    "HitPosition": [
      [
        0.612328,
        -72.019203,
        -224.992188,
        202.567368,
        -165.996109,
        -223.468643,
        314.246582
      ],
      [
        0.620661,
        -10.453854,
        -231.543091,
        180.295395,
        -72.860886,
        -327.66568,
        270.044006
      ],
      [
        0.628994,
        51.259087,
        -215.245819,
        163.107681,
        73.863937,
        -356.89679,
        189.162186
      ],
      [
        0.637328,
        97.861244,
        -188.272186,
        152.916016,
        188.928055,
        -297.378387,
        119.710953
      ],
      [
        0.645661,
        132.966309,
        -157.150391,
        146.828934,
        251.965469,
        -207.415298,
        79.377327
      ],
      [
        0.653994,
        158.727661,
        -123.114708,
        143.253006,
        279.784851,
        -121.008102,
        61.701279
      ]
    ]
  }
}