{
  "ScriptType": "MotionData",
  "MotionFileName": "d:/ymir work/monster/wolf/20.gr2",
  "MotionDuration": 1.066667,
  "AttackingData": {
    "AttackingType": 1,
    "HittingType": 2,
    "StiffenTime": 0,
    "InvisibleTime": 0.3,
    "ExternalForce": 0,
    "AttackingStartTime": 0.404786,
    "AttackingEndTime": 0.538803,
    "AttackingBone": "Bip01 R Hand",
    "WeaponLength": 0,
    "HitPosition": [
      [
        0.404786,
        -71.150009,
        -87.406242,
        150.268829,
        -71.150002,
        -87.406235,
        150.268814
      ],
      [
        0.41312,
        -69.486176,
        -95.176613,
        153.21579,
        -69.486168,
        -95.176605,
        153.215775
      ],
      [
        0.421453,
        -66.29895,
        -104.853745,
        154.146072,
        -66.298943,
        -104.853737,
        154.146057
      ],
      [
        0.429786,
        -60.385105,
        -116.161957,
        152.523209,
        -60.385101,
        -116.161949,
        152.523193
      ],
      [
        0.43812,
        -50.415634,
        -127.632065,
        148.294617,
        -50.41563,
        -127.632057,
        148.294601
      ],
      [
        0.446453,
        -36.931705,
        -137.039108,
        143.788635,
        -36.931702,
        -137.039093,
        143.78862
      ],
      [
        0.454786,
        -20.540678,
        -143.474411,
        139.379501,
        -20.540676,
        -143.474396,
        139.379486
      ],
      [
        0.46312,
        -1.875095,
        -146.12471,
        135.13298,
        -1.875095,
        -146.124695,
        135.132965
      ],
      [
        0.471453,
        17.099611,
        -144.379303,
        130.930801,
        17.099609,
        -144.379288,
        130.930786
      ],
      [
        0.479786,
        30.550926,
        -140.100967,
        125.80999,
        30.550924,
        -140.100952,
        125.809982
      ],
      [
        0.48812,
        38.021542,
        -136.151413,
        119.676857,
        38.021538,
        -136.151398,
        119.676849
      ],
      [
        0.496453,
        40.280033,
        -134.177109,
        112.383202,
        40.280029,
        -134.177094,
        112.383194
      ],
      [
        0.504786,
        38.425884,
        -134.352112,
        103.854057,
        38.42588,
        -134.352097,
        103.85405
      ],
      [
        0.51312,
        34.912022,
        -135.102203,
        94.590721,
        34.912018,
        -135.102188,
        94.590714
      ],
      [
        0.521453,
        30.047771,
        -136.153885,
        84.77478,
        30.04777,
        -136.15387,
        84.774773
      ],
      [
        0.529786,
        23.84145,
        -137.341217,
        74.614006,
        23.841448,
        -137.341202,
        74.613998
      ],
      [
        0.53812,
        16.87339,
        -138.239136,
        64.581665,
        16.873388,
        -138.23912,
        64.581657
      ]
    ]
  }
}