{
  "ScriptType": "MotionData",
  "MotionFileName": "D:\\YMIR WORK\\pc\\warrior\\horse_onehand_sword\\combo_01.GR2",
  "MotionDuration": 1.5,
  "ComboInputData": {
    "PreInputTime": 0.427007,
    "DirectInputTime": 0.777372,
    "InputLimitTime": 0.912409
  },
  "AttackingData": {
    "AttackType": 0,
    "HittingType": 1,
    "StiffenTime": 0,
    "InvisibleTime": 0.3,
    "ExternalForce": 20,
    "HitLimitCount": 0,
    "MotionType": 2,
    "HitDataCount": 1
  },
  "HitData00": {
    "AttackingStartTime": 0.478102,
    "AttackingEndTime": 0.653285,
    "AttackingBone": "equip_right_hand",
    "WeaponLength": 100,
    "HitPosition": [
      [
        0.478102,
        -76.755829,
        12.266675,
        131.048111,
        -78.457916,
        111.872353,
        139.728317
      ],
      [
        0.486436,
        -75.77446,
        6.095492,
        125.840752,
        -76.609428,
        106.065407,
        128.060013
      ],
      [
        0.494769,
        -74.914474,
        -1.077674,
        121.040833,
        -76.408157,
        98.797958,
        116.330063
      ],
      [
        0.503102,
        -74.003929,
        -9.45605,
        116.764839,
        -77.502129,
        89.706223,
        104.347481
      ],
      [
        0.511436,
        -72.825592,
        -19.211067,
        113.280205,
        -79.437424,
        78.311485,
        92.179588
      ],
      [
        0.519769,
        -71.146309,
        -30.263336,
        111.052208,
        -81.569908,
        64.307732,
        80.27729
      ],
      [
        0.528102,
        -68.896942,
        -41.612503,
        110.656273,
        -82.914078,
        48.514637,
        69.6688
      ],
      [
        0.536436,
        -66.166306,
        -52.933655,
        112.280769,
        -83.485954,
        31.022421,
        60.794594
      ],
      [
        0.544769,
        -63.018349,
        -64.003632,
        116.052628,
        -83.403297,
        11.777465,
        54.075672
      ],
      [
        0.553102,
        -59.484943,
        -74.532745,
        122.072235,
        -82.731956,
        -9.190413,
        50.034893
      ],
      [
        0.561436,
        -55.570522,
        -84.155525,
        130.391586,
        -81.485199,
        -31.711191,
        49.290691
      ],
      [
        0.569769,
        -51.282047,
        -92.242447,
        140.681503,
        -79.355103,
        -54.809208,
        52.307446
      ],
      [
        0.578102,
        -46.670654,
        -98.270958,
        152.237991,
        -76.004768,
        -77.13063,
        59.005741
      ],
      [
        0.586435,
        -41.745445,
        -102.199867,
        164.77533,
        -71.562256,
        -98.346184,
        69.402046
      ],
      [
        0.594769,
        -36.48428,
        -103.97348,
        178.038559,
        -66.067665,
        -118.056381,
        83.560387
      ],
      [
        0.603102,
        -30.85125,
        -103.50563,
        191.765854,
        -59.490181,
        -135.721268,
        101.539932
      ],
      [
        0.611435,
        -24.820101,
        -100.694427,
        205.618866,
        -51.72839,
        -150.61171,
        123.264244
      ],
      [
        0.619769,
        -18.68082,
        -95.790115,
        218.409851,
        -42.409016,
        -161.663773,
        147.022507
      ],
      [
        0.628102,
        -12.776183,
        -89.318176,
        229.544601,
        -31.952646,
        -168.41951,
        171.453293
      ],
      [
        0.636435,
        -7.275719,
        -81.738411,
        238.908752,
        -20.970373,
        -170.89772,
        195.753113
      ],
      [
        0.644769,
        -2.25905,
        -73.454857,
        246.439041,
        -9.933135,
        -169.344406,
        219.1483
      ],
      [
        0.653102,
        2.23928,
        -64.838036,
        252.068573,
        0.83945,
        -164.186295,
        240.846725
      ]
    ]
  }
}