{
  "ScriptType": "MotionData",
  "MotionFileName": "d:/ymir work/monster/gupae/20.gr2",
  "MotionDuration": 1.333333,
  "AttackingData": {
    "AttackingType": 1,
    "HittingType": 2,
    "StiffenTime": 0,
    "InvisibleTime": 0,
    "ExternalForce": 0,
    "AttackingStartTime": 0.666667,
    "AttackingEndTime": 0.912821,
    "AttackingBone": "Bip01 L Hand",
    "WeaponLength": 10,
    "HitPosition": [
      [
        0.666667,
        58.22966,
        162.117737,
        154.346619,
        50.369358,
        166.579025,
        158.6259
      ],
      [
        0.675,
        93.913452,
        129.771393,
        137.536499,
        89.495583,
        138.319427,
        140.259216
      ],
      [
        0.683333,
        115.849548,
        83.713783,
        129.235138,
        116.063156,
        93.680054,
        130.027405
      ],
      [
        0.691667,
        122.205246,
        32.111637,
        127.834129,
        126.853386,
        40.924934,
        126.985275
      ],
      [
        0.7,
        113.744331,
        -19.302977,
        131.06311,
        121.664833,
        -13.509305,
        129.139832
      ],
      [
        0.708333,
        91.941551,
        -66.261986,
        137.263474,
        101.480492,
        -64.474144,
        134.852646
      ],
      [
        0.716667,
        64.309334,
        -101.652771,
        142.472168,
        73.85199,
        -103.373581,
        140.027496
      ],
      [
        0.725,
        40.793873,
        -126.667603,
        143.409454,
        49.790398,
        -130.39621,
        141.137924
      ],
      [
        0.733333,
        24.234739,
        -147.509933,
        140.367249,
        33.046692,
        -151.887894,
        138.583191
      ],
      [
        0.741667,
        17.147161,
        -167.511093,
        135.092407,
        26.378729,
        -171.336914,
        134.716843
      ],
      [
        0.75,
        21.942791,
        -187.452805,
        134.252655,
        31.357046,
        -189.5,
        136.932312
      ],
      [
        0.758333,
        27.370003,
        -203.725174,
        144.769531,
        35.513023,
        -203.59491,
        150.572464
      ],
      [
        0.766667,
        24.2225,
        -214.3909,
        157.100189,
        30.868513,
        -212.664948,
        164.370087
      ],
      [
        0.775,
        17.500025,
        -220.947281,
        164.11467,
        23.295576,
        -218.336761,
        171.834549
      ],
      [
        0.783333,
        10.941643,
        -224.988464,
        164.256073,
        16.554134,
        -222.287811,
        172.079514
      ],
      [
        0.791667,
        5.498291,
        -227.10527,
        157.967804,
        11.381413,
        -225.16864,
        165.818802
      ],
      [
        0.8,
        0.789641,
        -227.181595,
        149.655411,
        6.979987,
        -226.358658,
        157.465805
      ],
      [
        0.808333,
        -2.807659,
        -226.025574,
        143.027328,
        3.527825,
        -226.076859,
        150.764175
      ],
      [
        0.816667,
        -5.037141,
        -224.357864,
        137.975952,
        1.367199,
        -225.026016,
        145.626953
      ],
      [
        0.825,
        -5.821652,
        -222.698273,
        134.417572,
        0.64033,
        -223.724152,
        141.97998
      ],
      [
        0.833333,
        -5.16765,
        -221.337112,
        132.281769,
        1.377715,
        -222.466171,
        139.757278
      ],
      [
        0.841667,
        -3.556005,
        -220.253662,
        130.685852,
        3.084371,
        -221.374969,
        138.078262
      ],
      [
        0.85,
        -1.458329,
        -219.331909,
        128.798309,
        5.267409,
        -220.473892,
        136.10994
      ],
      [
        0.858333,
        1.106078,
        -218.53717,
        126.620987,
        7.911511,
        -219.728088,
        133.850616
      ],
      [
        0.866666,
        4.113953,
        -217.823761,
        124.149841,
        10.9978,
        -219.092453,
        131.291473
      ],
      [
        0.875,
        7.535811,
        -217.134674,
        121.37661,
        14.501561,
        -218.510941,
        128.418198
      ],
      [
        0.883333,
        11.459521,
        -216.299194,
        118.754822,
        18.517864,
        -217.764572,
        125.685356
      ],
      [
        0.891666,
        15.994381,
        -215.183548,
        116.745544,
        23.158533,
        -216.669525,
        123.562187
      ],
      [
        0.9,
        21.135317,
        -213.769211,
        115.34623,
        28.415812,
        -215.206085,
        122.049187
      ],
      [
        0.908333,
        26.875525,
        -212.024765,
        114.549927,
        34.279213,
        -213.341827,
        121.141624
      ]
    ]
  }
}