{
  "ScriptType": "MotionData",
  "MotionFileName": "d:/ymir work/monster/thief1/20_1.gr2",
  "MotionDuration": 1.2,
  "AttackingData": {
    "AttackingType": 1,
    "HittingType": 2,
    "StiffenTime": 0,
    "InvisibleTime": 0.3,
    "ExternalForce": 0,
    "AttackingStartTime": 0.489231,
    "AttackingEndTime": 0.64,
    "AttackingBone": "Bip01 R Finger2",
    "WeaponLength": 70,
    "HitPosition": [
      [
        0.489231,
        -62.481552,
        -36.925526,
        160.914246,
        -4.861392,
        -57.43932,
        194.959793
      ],
      [
        0.497564,
        -45.462433,
        -58.614655,
        152.296143,
        -8.181609,
        -28.368464,
        203.240311
      ],
      [
        0.505897,
        -33.291634,
        -66.247505,
        149.182648,
        -28.536716,
        -23.695768,
        204.560806
      ],
      [
        0.514231,
        -27.340054,
        -72.304199,
        143.32666,
        -41.106976,
        -42.361835,
        205.083649
      ],
      [
        0.522564,
        -26.663084,
        -78.210739,
        131.583481,
        -44.450214,
        -78.520638,
        199.285172
      ],
      [
        0.530897,
        -32.822105,
        -79.00428,
        116.778664,
        -52.145714,
        -113.95475,
        174.268326
      ],
      [
        0.539231,
        -37.692036,
        -76.50116,
        106.146355,
        -62.017212,
        -128.815186,
        145.788849
      ],
      [
        0.547564,
        -39.399391,
        -74.819778,
        97.754585,
        -64.994225,
        -134.826691,
        123.133186
      ],
      [
        0.555897,
        -37.87714,
        -75.318604,
        89.180717,
        -57.237461,
        -140.51413,
        105.755409
      ],
      [
        0.564231,
        -32.781181,
        -77.906967,
        79.20829,
        -37.220387,
        -146.367432,
        93.117111
      ],
      [
        0.572564,
        -27.038357,
        -79.921463,
        69.512192,
        -16.705481,
        -147.787033,
        83.205132
      ],
      [
        0.580897,
        -22.750822,
        -80.426094,
        60.645039,
        -1.89188,
        -146.02272,
        73.372276
      ],
      [
        0.589231,
        -20.2973,
        -79.682899,
        52.342171,
        7.496212,
        -143.098221,
        62.638565
      ],
      [
        0.597564,
        -19.858713,
        -77.938614,
        44.543007,
        11.958411,
        -139.994431,
        50.60487
      ],
      [
        0.605897,
        -20.790743,
        -75.50164,
        37.348389,
        12.862031,
        -136.871811,
        38.439999
      ],
      [
        0.614231,
        -21.21339,
        -72.790833,
        30.816553,
        13.423282,
        -133.601837,
        29.292702
      ],
      [
        0.622564,
        -21.092169,
        -69.967216,
        25.047358,
        13.833001,
        -130.607117,
        23.305895
      ],
      [
        0.630897,
        -20.469664,
        -67.170113,
        20.152639,
        13.995927,
        -128.096725,
        20.416698
      ],
      [
        0.639231,
        -19.369635,
        -64.511681,
        16.251953,
        13.78523,
        -126.016014,
        20.490988
      ]
    ]
  }
}