{
  "ScriptType": "MotionData",
  "MotionFileName": "D:\\Ymir Work\\monster\\orc_lord\\20.GR2",
  "MotionDuration": 1.666667,
  "AttackingData": {
    "AttackType": 0,
    "HittingType": 2,
    "StiffenTime": 0,
    "InvisibleTime": 0.3,
    "ExternalForce": 0,
    "MotionType": 1,
    "HitDataCount": 1
  },
  "HitData00": {
    "AttackingStartTime": 0.498783,
    "AttackingEndTime": 0.774534,
    "AttackingBone": "Box01",
    "WeaponLength": 190,
    "HitPosition": [
      [
        0.498783,
        -70.624069,
        32.853539,
        217.778397,
        51.867054,
        163.515182,
        281.199707
      ],
      [
        0.507116,
        -69.011314,
        26.414312,
        216.105179,
        40.874821,
        168.20282,
        278.715454
      ],
      [
        0.51545,
        -68.337494,
        19.009821,
        213.110718,
        27.741934,
        168.889603,
        279.477631
      ],
      [
        0.523783,
        -68.220261,
        10.587436,
        209.003372,
        13.118331,
        165.426056,
        283.171143
      ],
      [
        0.532116,
        -67.900208,
        1.976737,
        204.987396,
        -1.96093,
        160.901367,
        285.517059
      ],
      [
        0.54045,
        -67.215683,
        -6.688915,
        201.369904,
        -16.996515,
        156.143478,
        285.4151
      ],
      [
        0.548783,
        -66.168327,
        -15.677638,
        197.978455,
        -31.678732,
        150.297195,
        283.547638
      ],
      [
        0.557116,
        -65.581604,
        -28.518759,
        191.540771,
        -47.537365,
        129.350601,
        295.49823
      ],
      [
        0.56545,
        -64.287506,
        -45.676121,
        179.354294,
        -65.210075,
        80.109505,
        321.747162
      ],
      [
        0.573783,
        -58.74625,
        -63.628204,
        158.876022,
        -78.364906,
        -11.784736,
        340.477325
      ],
      [
        0.582116,
        -48.659443,
        -75.339882,
        135.658417,
        -69.168427,
        -116.475311,
        319.95047
      ],
      [
        0.59045,
        -37.749847,
        -80.402306,
        115.388939,
        -35.941349,
        -195.450058,
        266.574585
      ],
      [
        0.598783,
        -27.697962,
        -81.254768,
        98.687744,
        11.435323,
        -239.214432,
        196.751312
      ],
      [
        0.607116,
        -19.987713,
        -81.533752,
        86.613548,
        53.633575,
        -250.767075,
        131.762894
      ],
      [
        0.61545,
        -15.112494,
        -85.203423,
        78.618271,
        73.193428,
        -253.20491,
        87.105797
      ],
      [
        0.623783,
        -12.549614,
        -93.492508,
        73.265778,
        68.08979,
        -265.204071,
        62.803452
      ],
      [
        0.632116,
        -11.504863,
        -103.84761,
        70.020294,
        48.339626,
        -283.303864,
        52.305607
      ],
      [
        0.64045,
        -10.165175,
        -111.42202,
        68.055397,
        33.37896,
        -294.547028,
        42.200977
      ],
      [
        0.648783,
        -8.558837,
        -116.440956,
        67.046577,
        23.922171,
        -300.218903,
        31.407103
      ],
      [
        0.657116,
        -6.819057,
        -119.466766,
        66.781212,
        19.107061,
        -301.985138,
        20.794199
      ],
      [
        0.66545,
        -5.090295,
        -121.408249,
        66.966438,
        16.944143,
        -302.390289,
        13.488887
      ],
      [
        0.673783,
        -3.489341,
        -122.58213,
        67.289734,
        16.960443,
        -302.375641,
        9.359302
      ],
      [
        0.682116,
        -2.034065,
        -123.209404,
        67.580849,
        18.626436,
        -302.307281,
        7.605155
      ],
      [
        0.690449,
        -0.539391,
        -123.569176,
        67.877609,
        20.822784,
        -301.912445,
        5.931736
      ],
      [
        0.698783,
        1.013298,
        -123.690636,
        68.193192,
        23.433079,
        -301.149597,
        4.117988
      ],
      [
        0.707116,
        2.602163,
        -123.5923,
        68.528694,
        26.395525,
        -300.078796,
        2.299049
      ],
      [
        0.715449,
        4.103162,
        -123.38224,
        68.864029,
        29.335939,
        -299.143341,
        1.252495
      ],
      [
        0.723783,
        5.493874,
        -123.087761,
        69.187622,
        32.18087,
        -298.451508,
        1.10437
      ],
      [
        0.732116,
        6.776292,
        -122.713287,
        69.497375,
        34.93129,
        -297.997803,
        1.802406
      ],
      [
        0.740449,
        7.974124,
        -122.236931,
        69.807343,
        37.678196,
        -297.529053,
        2.797531
      ],
      [
        0.748783,
        9.093104,
        -121.652725,
        70.122505,
        40.446022,
        -296.970428,
        3.936035
      ],
      [
        0.757116,
        10.130499,
        -120.962975,
        70.444344,
        43.226116,
        -296.322174,
        5.223129
      ],
      [
        0.765449,
        11.049954,
        -120.206223,
        70.773979,
        45.887703,
        -295.640991,
        6.672973
      ],
      [
        0.773783,
        11.835756,
        -119.400246,
        71.111816,
        48.373386,
        -294.952789,
        8.292289
      ]
    ]
  }
}