{
  "ScriptType": "MotionData",
  "MotionFileName": "d:/ymir work/monster/misterious_diseased_sword/20_1.gr2",
  "MotionDuration": 2,
  "AttackingData": {
    "AttackType": 0,
    "HittingType": 2,
    "StiffenTime": 0,
    "InvisibleTime": 0.3,
    "ExternalForce": 0,
    "MotionType": 1,
    "HitDataCount": 1
  },
  "HitData00": {
    "AttackingStartTime": 1.124088,
    "AttackingEndTime": 1.265207,
    "AttackingBone": "Bip01 R Hand",
    "WeaponLength": 137,
    "HitPosition": [
      [
        1.124088,
        -88.948471,
        -94.648193,
        167.803528,
        -145.541306,
        -57.404171,
        286.878082
      ],
      [
        1.132421,
        -84.169922,
        -103.736618,
        156.200775,
        -144.642166,
        -101.650803,
        279.11087
      ],
      [
        1.140754,
        -77.459076,
        -111.114326,
        143.861191,
        -139.388458,
        -145.146149,
        261.227509
      ],
      [
        1.149088,
        -68.763626,
        -116.381592,
        130.772095,
        -128.6017,
        -185.704605,
        232.667603
      ],
      [
        1.157421,
        -58.020153,
        -118.924622,
        117.032562,
        -110.945808,
        -219.986435,
        192.879196
      ],
      [
        1.165754,
        -46.407509,
        -118.557877,
        104.818161,
        -87.32914,
        -241.511734,
        149.270355
      ],
      [
        1.174088,
        -35.44582,
        -116.004471,
        95.16243,
        -62.156586,
        -249.634811,
        109.247627
      ],
      [
        1.182421,
        -25.756884,
        -111.928329,
        87.616959,
        -38.664967,
        -247.700317,
        74.669113
      ],
      [
        1.190754,
        -17.551422,
        -106.85289,
        81.727287,
        -18.25609,
        -239.080444,
        45.888687
      ],
      [
        1.199088,
        -10.919594,
        -101.576324,
        77.413376,
        -0.692008,
        -227.386917,
        24.159292
      ],
      [
        1.207421,
        -5.946936,
        -96.655998,
        74.397812,
        13.683414,
        -215.579605,
        9.276092
      ],
      [
        1.215754,
        -2.596414,
        -92.425552,
        72.35321,
        24.831738,
        -205.709549,
        0.357109
      ],
      [
        1.224087,
        -0.524563,
        -88.952637,
        70.969788,
        33.440506,
        -198.513763,
        -3.941849
      ],
      [
        1.232421,
        1.222678,
        -85.830338,
        69.930084,
        41.466415,
        -192.499008,
        -6.038681
      ],
      [
        1.240754,
        2.749706,
        -83.051208,
        69.168526,
        49.033016,
        -187.684525,
        -6.188858
      ],
      [
        1.249087,
        4.08031,
        -80.644333,
        68.645042,
        56.052376,
        -184.223053,
        -4.425956
      ],
      [
        1.257421,
        5.157775,
        -78.606911,
        68.307388,
        62.229576,
        -182.03125,
        -1.084442
      ]
    ]
  }
}