{
  "ScriptType": "MotionData",
  "MotionFileName": "d:/ymir work/monster2/zombie_diseased_kid/20.gr2",
  "MotionDuration": 1.3333,
  "Accumulation": [
    0,
    0,
    0
  ],
  "AttackingData": {
    "AttackType": 0,
    "HittingType": 2,
    "StiffenTime": 0,
    "InvisibleTime": 0.3,
    "ExternalForce": 0,
    "HitLimitCount": 0,
    "MotionType": 1,
    "HitDataCount": 1
  },
  "HitData00": {
    "AttackingStartTime": 0.661801,
    "AttackingEndTime": 0.785077,
    "AttackingBone": "Bone20",
    "WeaponLength": 0,
    "HitPosition": [
      [
        0.661801,
        12.712811,
        -25.074848,
        137.517517,
        12.71281,
        -25.074846,
        137.517502
      ],
      [
        0.670134,
        12.858579,
        -31.095646,
        137.309219,
        12.858578,
        -31.095644,
        137.309204
      ],
      [
        0.678467,
        13.035084,
        -36.329655,
        137.119751,
        13.035083,
        -36.329651,
        137.119736
      ],
      [
        0.6868,
        13.22916,
        -40.730984,
        137.075134,
        13.229159,
        -40.73098,
        137.075119
      ],
      [
        0.695134,
        13.424372,
        -44.35688,
        137.282898,
        13.424371,
        -44.356876,
        137.282883
      ],
      [
        0.703467,
        13.608111,
        -47.261414,
        137.822769,
        13.60811,
        -47.26141,
        137.822754
      ],
      [
        0.7118,
        13.774235,
        -49.520638,
        138.695419,
        13.774234,
        -49.520634,
        138.695404
      ],
      [
        0.720134,
        13.939487,
        -51.42593,
        139.464233,
        13.939487,
        -51.425926,
        139.464218
      ],
      [
        0.728467,
        14.101917,
        -53.048206,
        140.032516,
        14.101916,
        -53.048203,
        140.032501
      ],
      [
        0.7368,
        14.254904,
        -54.396244,
        140.407654,
        14.254903,
        -54.39624,
        140.407639
      ],
      [
        0.745134,
        14.392715,
        -55.478329,
        140.595596,
        14.392714,
        -55.478325,
        140.595581
      ],
      [
        0.753467,
        14.51156,
        -56.301205,
        140.605194,
        14.511559,
        -56.301201,
        140.605179
      ],
      [
        0.7618,
        14.616722,
        -56.865326,
        140.475082,
        14.616721,
        -56.865322,
        140.475067
      ],
      [
        0.770134,
        14.707186,
        -57.176956,
        140.216873,
        14.707185,
        -57.176952,
        140.216858
      ],
      [
        0.778467,
        14.780376,
        -57.242767,
        139.83313,
        14.780375,
        -57.242764,
        139.833115
      ]
    ]
  }
}