{
  "ScriptType": "MotionData",
  "MotionFileName": "d:/ymir work/monster/thiefboss1/20_1.gr2",
  "MotionDuration": 1.2,
  "AttackingData": {
    "AttackingType": 1,
    "HittingType": 2,
    "StiffenTime": 0,
    "InvisibleTime": 0.3,
    "ExternalForce": 0,
    "AttackingStartTime": 0.338462,
    "AttackingEndTime": 0.556923,
    "AttackingBone": "weapon",
    "WeaponLength": 50,
    "HitPosition": [
      [
        0.338462,
        -80.152336,
        47.943642,
        245.209442,
        -76.969688,
        89.578339,
        272.712524
      ],
      [
        0.346795,
        -96.138306,
        7.850681,
        239.42366,
        -107.466614,
        42.626404,
        273.516205
      ],
      [
        0.355128,
        -106.095901,
        -24.35191,
        229.051666,
        -136.195511,
        1.910282,
        259.123352
      ],
      [
        0.363462,
        -114.453506,
        -59.572334,
        204.04689,
        -162.7285,
        -51.393627,
        214.177643
      ],
      [
        0.371795,
        -100.73494,
        -99.792259,
        152.079025,
        -136.682144,
        -117.930199,
        122.434242
      ],
      [
        0.380128,
        -46.809223,
        -123.741028,
        113.410461,
        -27.548716,
        -155.47023,
        79.909904
      ],
      [
        0.388462,
        -21.385372,
        -133.453552,
        109.99247,
        7.510726,
        -173.988815,
        105.312103
      ],
      [
        0.396795,
        -18.520386,
        -138.260635,
        101.24192,
        -3.091374,
        -185.714951,
        104.409195
      ],
      [
        0.405128,
        -19.907627,
        -140.733643,
        91.190292,
        -14.235855,
        -190.408142,
        91.71283
      ],
      [
        0.413461,
        -22.188087,
        -144.152588,
        86.108292,
        -18.83153,
        -193.973969,
        83.546677
      ],
      [
        0.421795,
        -22.563793,
        -146.071472,
        80.889778,
        -18.242344,
        -195.548645,
        75.116386
      ],
      [
        0.430128,
        -20.10371,
        -145.598282,
        72.409607,
        -14.753066,
        -194.419586,
        63.036747
      ],
      [
        0.438461,
        -15.705435,
        -142.832001,
        61.112553,
        -9.738894,
        -190.718597,
        48.025417
      ],
      [
        0.446795,
        -12.190902,
        -135.901825,
        46.819538,
        -6.761335,
        -182.575439,
        29.728811
      ],
      [
        0.455128,
        -14.556431,
        -124.111885,
        32.87072,
        -11.420303,
        -169.43634,
        11.993518
      ],
      [
        0.463461,
        -20.480492,
        -114.287651,
        25.082045,
        -19.74736,
        -158.701477,
        2.128328
      ],
      [
        0.471795,
        -25.160549,
        -107.922523,
        21.130327,
        -25.974316,
        -151.895035,
        -2.65529
      ],
      [
        0.480128,
        -26.900799,
        -104.510849,
        18.698307,
        -28.215914,
        -148.43663,
        -5.151075
      ],
      [
        0.488461,
        -25.454426,
        -104.107697,
        17.129082,
        -26.242338,
        -148.490158,
        -5.883409
      ],
      [
        0.496795,
        -23.036528,
        -105.57962,
        16.58073,
        -23.035728,
        -150.829636,
        -4.689785
      ],
      [
        0.505128,
        -21.058807,
        -107.58371,
        16.802706,
        -20.536694,
        -153.830017,
        -2.19741
      ],
      [
        0.513461,
        -19.513973,
        -109.780495,
        17.551311,
        -18.753744,
        -157.007339,
        1.148735
      ],
      [
        0.521795,
        -18.284126,
        -111.889748,
        18.585779,
        -17.526051,
        -159.976425,
        4.90749
      ],
      [
        0.530128,
        -17.184044,
        -113.721054,
        19.678768,
        -16.535337,
        -162.476196,
        8.610209
      ],
      [
        0.538461,
        -16.057449,
        -115.271896,
        20.672947,
        -15.327346,
        -164.468948,
        11.778406
      ],
      [
        0.546795,
        -14.805641,
        -116.624786,
        21.547676,
        -13.718412,
        -166.097672,
        14.388692
      ],
      [
        0.555128,
        -13.341944,
        -117.83403,
        22.295483,
        -11.570763,
        -167.46019,
        16.455603
      ]
    ]
  }
}