{
  "ScriptType": "MotionData",
  "MotionFileName": "d:/ymir work/monster/misterious_diseased_spear/20.gr2",
  "MotionDuration": 1.333333,
  "AttackingData": {
    "AttackType": 0,
    "HittingType": 2,
    "StiffenTime": 0,
    "InvisibleTime": 0.3,
    "ExternalForce": 0,
    "MotionType": 1,
    "HitDataCount": 1
  },
  "HitData00": {
    "AttackingStartTime": 0.632603,
    "AttackingEndTime": 0.781833,
    "AttackingBone": "Bone32",
    "WeaponLength": 220,
    "HitPosition": [
      [
        0.632603,
        45.465427,
        -44.32262,
        153.229401,
        71.032593,
        46.042557,
        253.178757
      ],
      [
        0.640936,
        44.026653,
        -53.599705,
        147.917114,
        79.714363,
        17.692179,
        257.586395
      ],
      [
        0.64927,
        41.736736,
        -62.98756,
        140.792694,
        87.980904,
        -12.660777,
        256.07901
      ],
      [
        0.657603,
        38.30265,
        -72.175568,
        131.776566,
        94.94622,
        -44.242195,
        248.208481
      ],
      [
        0.665936,
        33.428093,
        -80.763916,
        120.843689,
        99.646225,
        -76.061371,
        233.652863
      ],
      [
        0.67427,
        26.984945,
        -88.35173,
        108.338753,
        103.322205,
        -107.304695,
        215.661545
      ],
      [
        0.682603,
        18.907824,
        -94.64222,
        94.820129,
        103.659027,
        -137.530991,
        191.57431
      ],
      [
        0.690936,
        8.901755,
        -99.251297,
        80.585403,
        99.296913,
        -165.511124,
        161.290604
      ],
      [
        0.69927,
        -3.322284,
        -101.763878,
        66.112579,
        88.895538,
        -189.814438,
        125.456253
      ],
      [
        0.707603,
        -17.984076,
        -101.757782,
        52.108601,
        71.05127,
        -208.818405,
        85.365112
      ],
      [
        0.715936,
        -33.173565,
        -99.031105,
        40.523594,
        49.737312,
        -222.764893,
        47.487919
      ],
      [
        0.72427,
        -45.422832,
        -94.864594,
        32.77055,
        29.837992,
        -229.994095,
        17.980181
      ],
      [
        0.732603,
        -54.055195,
        -90.828476,
        28.059666,
        14.741641,
        -233.802567,
        -2.874395
      ],
      [
        0.740936,
        -58.858463,
        -87.973267,
        25.649145,
        6.660907,
        -237.063095,
        -15.316155
      ],
      [
        0.74927,
        -59.813622,
        -86.865601,
        25.082689,
        6.846557,
        -241.549133,
        -19.349461
      ],
      [
        0.757603,
        -58.662724,
        -86.857796,
        25.518831,
        11.927829,
        -247.033371,
        -18.363209
      ],
      [
        0.765936,
        -57.801941,
        -86.817619,
        25.929203,
        16.54241,
        -252.451096,
        -17.67396
      ],
      [
        0.77427,
        -57.244186,
        -86.735954,
        26.291487,
        20.657125,
        -257.793457,
        -17.408154
      ]
    ]
  }
}