{
  "ScriptType": "MotionData",
  "MotionFileName": "D:/ymir work/monster2/zombie_diseased_sword/20.gr2",
  "MotionDuration": 1.666667,
  "AttackingData": {
    "AttackType": 0,
    "HittingType": 2,
    "StiffenTime": 0,
    "InvisibleTime": 0.3,
    "ExternalForce": 0,
    "HitLimitCount": 0,
    "MotionType": 1,
    "HitDataCount": 1
  },
  "HitData00": {
    "AttackingStartTime": 0.835361,
    "AttackingEndTime": 0.981346,
    "AttackingBone": "Bip01 R Hand",
    "WeaponLength": 137,
    "HitPosition": [
      [
        0.835361,
        -107.018547,
        -52.10244,
        91.503159,
        -235.062912,
        -100.765877,
        89.169044
      ],
      [
        0.843694,
        -97.019737,
        -71.633766,
        93.799255,
        -209.502823,
        -149.839737,
        93.205933
      ],
      [
        0.852028,
        -83.936943,
        -87.433441,
        95.894821,
        -175.47139,
        -189.36409,
        96.657173
      ],
      [
        0.860361,
        -69.037148,
        -99.470932,
        97.624557,
        -136.127716,
        -218.910675,
        99.035446
      ],
      [
        0.868694,
        -52.620113,
        -108.06517,
        98.539764,
        -92.289352,
        -239.195648,
        98.911896
      ],
      [
        0.877028,
        -35.056824,
        -113.239334,
        98.405037,
        -44.945663,
        -249.850967,
        95.495216
      ],
      [
        0.885361,
        -17.074724,
        -114.957779,
        97.277527,
        3.725137,
        -250.110275,
        88.901375
      ],
      [
        0.893694,
        0.366944,
        -113.278023,
        95.206345,
        50.531822,
        -239.782272,
        79.421822
      ],
      [
        0.902028,
        16.340342,
        -108.474655,
        92.311165,
        92.395035,
        -219.721786,
        67.638275
      ],
      [
        0.910361,
        30.322083,
        -100.958969,
        88.820305,
        127.46624,
        -191.20372,
        54.35471
      ],
      [
        0.918694,
        41.604595,
        -91.606056,
        85.179977,
        153.581711,
        -157.142502,
        41.190266
      ],
      [
        0.927028,
        49.73703,
        -81.718307,
        81.860855,
        169.900467,
        -122.06823,
        29.883749
      ],
      [
        0.935361,
        55.091774,
        -71.875847,
        78.936462,
        178.038986,
        -88.117249,
        20.719767
      ],
      [
        0.943694,
        58.15781,
        -62.790932,
        76.580986,
        179.985367,
        -57.482662,
        14.140113
      ],
      [
        0.952027,
        59.62273,
        -55.550026,
        74.992256,
        178.347137,
        -33.138203,
        10.407348
      ],
      [
        0.960361,
        60.031681,
        -50.257404,
        73.963791,
        175.3349,
        -15.337714,
        8.735061
      ],
      [
        0.968694,
        59.814369,
        -46.656429,
        73.307083,
        172.337646,
        -3.118126,
        8.407798
      ],
      [
        0.977027,
        59.315132,
        -43.844311,
        72.829086,
        169.377701,
        6.587486,
        8.705291
      ]
    ]
  }
}