{
  "ScriptType": "MotionData",
  "MotionFileName": "d:\\ymir work\\monster2\\ch_general\\20.GR2",
  "MotionDuration": 1.333333,
  "AttackingData": {
    "AttackType": 1,
    "HittingType": 2,
    "StiffenTime": 0,
    "InvisibleTime": 0,
    "ExternalForce": 0,
    "HitLimitCount": 0,
    "MotionType": 1,
    "HitDataCount": 1
  },
  "HitData00": {
    "AttackingStartTime": 0.470397,
    "AttackingEndTime": 0.639092,
    "AttackingBone": "Bip01 R Hand",
    "WeaponLength": 164,
    "HitPosition": [
      [
        0.470397,
        -46.183861,
        -71.849037,
        83.867554,
        -171.969803,
        27.117025,
        49.253159
      ],
      [
        0.478731,
        -38.366444,
        -84.211212,
        85.779022,
        -185.19368,
        -33.185265,
        33.692654
      ],
      [
        0.487064,
        -29.719959,
        -93.60778,
        89.066864,
        -182.368637,
        -99.41185,
        29.450888
      ],
      [
        0.495397,
        -21.45517,
        -100.675636,
        93.549248,
        -161.336639,
        -166.265884,
        39.145893
      ],
      [
        0.503731,
        -13.757972,
        -106.279083,
        99.089119,
        -120.792328,
        -224.755875,
        62.932648
      ],
      [
        0.512064,
        -3.621655,
        -111.878288,
        104.61953,
        -65.047028,
        -262.890778,
        88.131119
      ],
      [
        0.520397,
        9.659545,
        -116.905609,
        109.881348,
        -3.338845,
        -280.306549,
        108.64743
      ],
      [
        0.528731,
        26.318331,
        -120.182137,
        115.028198,
        59.111866,
        -280.536957,
        123.754707
      ],
      [
        0.537064,
        46.156448,
        -119.985748,
        120.294044,
        119.322815,
        -266.018799,
        134.380951
      ],
      [
        0.545397,
        67.027542,
        -114.499832,
        125.750923,
        172.454453,
        -239.025955,
        142.12648
      ],
      [
        0.553731,
        82.327118,
        -105.759506,
        130.347015,
        209.511124,
        -207.622452,
        148.5672
      ],
      [
        0.562064,
        91.773605,
        -96.967018,
        133.830017,
        232.312759,
        -179.03743,
        153.820694
      ],
      [
        0.570397,
        96.849106,
        -89.779312,
        136.49263,
        245.116119,
        -156.322998,
        158.381149
      ],
      [
        0.578731,
        98.813576,
        -84.789131,
        138.697891,
        251.28508,
        -140.088394,
        162.892242
      ],
      [
        0.587064,
        98.586319,
        -81.984818,
        140.692856,
        253.144684,
        -129.707138,
        167.692017
      ],
      [
        0.595397,
        97.874084,
        -80.127716,
        142.311951,
        254.03125,
        -121.024849,
        171.260376
      ],
      [
        0.603731,
        97.027214,
        -78.981941,
        143.49855,
        254.630539,
        -113.252884,
        173.194534
      ],
      [
        0.612064,
        96.065063,
        -78.556763,
        144.251205,
        255.016388,
        -106.405212,
        173.469879
      ],
      [
        0.620397,
        94.983528,
        -78.837486,
        144.569763,
        255.204605,
        -100.430115,
        172.101395
      ],
      [
        0.628731,
        93.772751,
        -79.672188,
        144.503799,
        255.128616,
        -95.152725,
        169.408966
      ],
      [
        0.637064,
        92.540741,
        -80.210091,
        144.427795,
        254.624252,
        -90.123993,
        167.37532
      ]
    ]
  }
}