{
  "ScriptType": "MotionData",
  "MotionFileName": "d:/ymir work/monster/misterious_diseased_sword/20.gr2",
  "MotionDuration": 2,
  "AttackingData": {
    "AttackType": 0,
    "HittingType": 2,
    "StiffenTime": 0,
    "InvisibleTime": 0.3,
    "ExternalForce": 0,
    "MotionType": 1,
    "HitDataCount": 1
  },
  "HitData00": {
    "AttackingStartTime": 1.03163,
    "AttackingEndTime": 1.240876,
    "AttackingBone": "Bip01 R Hand",
    "WeaponLength": 137,
    "HitPosition": [
      [
        1.03163,
        -97.872131,
        44.363605,
        104.298958,
        -198.7388,
        133.712662,
        129.030655
      ],
      [
        1.039963,
        -106.309799,
        32.913677,
        102.765816,
        -220.515366,
        105.777153,
        123.176315
      ],
      [
        1.048297,
        -113.252258,
        19.595142,
        101.268837,
        -238.592575,
        72.464478,
        117.499641
      ],
      [
        1.05663,
        -118.304855,
        4.36446,
        99.923859,
        -251.551071,
        33.704441,
        112.317932
      ],
      [
        1.064963,
        -120.895912,
        -12.601158,
        98.852348,
        -257.564331,
        -9.861871,
        107.959663
      ],
      [
        1.073297,
        -120.286346,
        -29.098034,
        97.880417,
        -255.096695,
        -52.743511,
        103.880501
      ],
      [
        1.08163,
        -116.950531,
        -44.01281,
        96.962158,
        -245.225113,
        -92.032784,
        99.915825
      ],
      [
        1.089963,
        -111.593498,
        -57.1558,
        96.137451,
        -229.48201,
        -126.95034,
        96.162033
      ],
      [
        1.098297,
        -104.643486,
        -68.623352,
        95.331749,
        -208.878769,
        -157.478195,
        92.356979
      ],
      [
        1.10663,
        -95.755363,
        -78.761101,
        94.060402,
        -182.573166,
        -184.499924,
        86.919441
      ],
      [
        1.114963,
        -85.083504,
        -87.35611,
        92.342148,
        -150.700684,
        -206.971146,
        79.865875
      ],
      [
        1.123297,
        -72.886177,
        -94.151176,
        90.291924,
        -113.839546,
        -223.535141,
        71.539932
      ],
      [
        1.13163,
        -59.616554,
        -98.845688,
        88.032204,
        -73.575523,
        -232.709381,
        62.445507
      ],
      [
        1.139963,
        -45.958317,
        -101.168327,
        85.619614,
        -32.59647,
        -233.566513,
        53.043449
      ],
      [
        1.148297,
        -32.274761,
        -101.073456,
        83.105423,
        7.617267,
        -226.051117,
        43.631065
      ],
      [
        1.15663,
        -18.922791,
        -98.557587,
        80.573112,
        45.620914,
        -210.320541,
        34.61515
      ],
      [
        1.164963,
        -7.39291,
        -94.405434,
        78.521729,
        77.180069,
        -189.439926,
        27.680582
      ],
      [
        1.173297,
        1.441053,
        -89.765625,
        77.102043,
        100.251556,
        -167.946274,
        23.312746
      ],
      [
        1.18163,
        7.927281,
        -85.183205,
        76.081734,
        116.307388,
        -148.132065,
        20.763056
      ],
      [
        1.189963,
        12.4576,
        -81.009705,
        75.310455,
        126.991096,
        -131.38765,
        19.514788
      ],
      [
        1.198297,
        15.651516,
        -77.449783,
        74.790054,
        134.289337,
        -117.56118,
        19.245852
      ],
      [
        1.20663,
        17.797291,
        -74.620163,
        74.47496,
        139.179626,
        -106.725334,
        19.660749
      ],
      [
        1.214963,
        19.027752,
        -72.595612,
        74.305695,
        142.206757,
        -99.118477,
        20.523878
      ],
      [
        1.223297,
        19.55064,
        -71.28199,
        74.228775,
        143.9366,
        -94.343246,
        21.642378
      ],
      [
        1.23163,
        19.97588,
        -69.993317,
        74.150093,
        145.433868,
        -89.787758,
        22.79344
      ],
      [
        1.239963,
        20.383707,
        -68.631744,
        74.060524,
        146.828857,
        -85.090218,
        23.962904
      ]
    ]
  }
}