{
  "ScriptType": "MotionData",
  "MotionFileName": "d:/ymir work/monster/milgyo_monster2/20.gr2",
  "MotionDuration": 1.166667,
  "AttackingData": {
    "AttackType": 0,
    "HittingType": 2,
    "StiffenTime": 0,
    "InvisibleTime": 0.3,
    "ExternalForce": 0,
    "MotionType": 1,
    "HitDataCount": 1
  },
  "HitData00": {
    "AttackingStartTime": 0.4485,
    "AttackingEndTime": 0.556367,
    "AttackingBone": "Bip01 R Hand",
    "WeaponLength": 0,
    "HitPosition": [
      [
        0.4485,
        -91.937843,
        -49.844925,
        263.477661,
        -91.937836,
        -49.844921,
        263.477631
      ],
      [
        0.456833,
        -76.299187,
        -86.987,
        247.143906,
        -76.299179,
        -86.986992,
        247.14389
      ],
      [
        0.465166,
        -56.519577,
        -119.399429,
        221.798569,
        -56.519573,
        -119.399422,
        221.798553
      ],
      [
        0.4735,
        -33.82938,
        -142.973816,
        187.789063,
        -33.829376,
        -142.973801,
        187.789047
      ],
      [
        0.481833,
        -12.419566,
        -152.999924,
        152.048035,
        -12.419565,
        -152.999908,
        152.048019
      ],
      [
        0.490166,
        3.19974,
        -151.671661,
        123.190018,
        3.19974,
        -151.671646,
        123.19001
      ],
      [
        0.4985,
        12.76907,
        -144.478256,
        101.843124,
        12.769069,
        -144.478241,
        101.843117
      ],
      [
        0.506833,
        17.381975,
        -135.133148,
        87.115372,
        17.381973,
        -135.133133,
        87.115364
      ],
      [
        0.515166,
        18.658529,
        -125.640831,
        77.453491,
        18.658527,
        -125.640823,
        77.453484
      ],
      [
        0.5235,
        18.656576,
        -116.739212,
        70.855942,
        18.656574,
        -116.739204,
        70.855934
      ],
      [
        0.531833,
        17.893316,
        -108.960426,
        66.585419,
        17.893314,
        -108.960419,
        66.585411
      ],
      [
        0.540166,
        16.648661,
        -102.634598,
        64.090118,
        16.648659,
        -102.63459,
        64.090111
      ],
      [
        0.5485,
        15.114315,
        -97.895416,
        62.901306,
        15.114314,
        -97.895409,
        62.901302
      ]
    ]
  }
}