{
  "ScriptType": "MotionData",
  "MotionFileName": "d:/ymir work/pc/shaman/general/attack.gr2",
  "MotionDuration": 1,
  "AttackingData": {
    "AttackType": 0,
    "HittingType": 2,
    "StiffenTime": 0,
    "InvisibleTime": 0.3,
    "ExternalForce": 0,
    "MotionType": 1,
    "HitDataCount": 1
  },
  "HitData00": {
    "AttackingStartTime": 0.515815,
    "AttackingEndTime": 0.620438,
    "AttackingBone": "equip_right",
    "WeaponLength": 0,
    "HitPosition": [
      [
        0.515815,
        -42.682957,
        -71.593613,
        118.491653,
        -42.682953,
        -71.593605,
        118.491646
      ],
      [
        0.524148,
        -32.015434,
        -90.004944,
        120.391876,
        -32.01543,
        -90.004936,
        120.391869
      ],
      [
        0.532482,
        -17.48892,
        -102.586113,
        122.042191,
        -17.488918,
        -102.586105,
        122.042183
      ],
      [
        0.540815,
        -3.448875,
        -108.786232,
        122.23217,
        -3.448874,
        -108.786224,
        122.232162
      ],
      [
        0.549148,
        6.970251,
        -112.391022,
        120.316124,
        6.97025,
        -112.391014,
        120.316116
      ],
      [
        0.557482,
        12.927428,
        -116.433075,
        116.720139,
        12.927427,
        -116.433067,
        116.720131
      ],
      [
        0.565815,
        14.349246,
        -121.50808,
        112.80938,
        14.349245,
        -121.508072,
        112.809372
      ],
      [
        0.574148,
        14.619651,
        -125.641396,
        110.269096,
        14.61965,
        -125.641388,
        110.269089
      ],
      [
        0.582482,
        15.049835,
        -128.834854,
        108.707924,
        15.049834,
        -128.834839,
        108.707916
      ],
      [
        0.590815,
        16.013498,
        -131.359055,
        107.620689,
        16.013496,
        -131.359039,
        107.620682
      ],
      [
        0.599148,
        17.265301,
        -133.127502,
        106.776161,
        17.265299,
        -133.127487,
        106.776154
      ],
      [
        0.607482,
        17.328562,
        -133.747467,
        106.274002,
        17.32856,
        -133.747452,
        106.273994
      ],
      [
        0.615815,
        16.093275,
        -133.202591,
        106.145988,
        16.093273,
        -133.202576,
        106.145981
      ]
    ]
  }
}