{
  "ScriptType": "MotionData",
  "MotionFileName": "d:/ymir work/monster2/ent_black/20_1.gr2",
  "MotionDuration": 1.5,
  "AttackingData": {
    "AttackType": 0,
    "HittingType": 0,
    "StiffenTime": 0,
    "InvisibleTime": 0.3,
    "ExternalForce": 0,
    "HitLimitCount": 0,
    "MotionType": 2,
    "HitDataCount": 1
  },
  "HitData00": {
    "AttackingStartTime": 0.656934,
    "AttackingEndTime": 0.762774,
    "AttackingBone": "Bip01 R Hand",
    "WeaponLength": 0,
    "HitPosition": [
      [
        0.656934,
        -134.97316,
        -86.552116,
        146.097565,
        -134.973145,
        -86.552109,
        146.097549
      ],
      [
        0.665268,
        -123.100677,
        -110.252579,
        145.409729,
        -123.10067,
        -110.252571,
        145.409714
      ],
      [
        0.673601,
        -108.470016,
        -130.640442,
        144.537735,
        -108.470009,
        -130.640427,
        144.53772
      ],
      [
        0.681934,
        -91.499557,
        -147.832886,
        143.754333,
        -91.49955,
        -147.83287,
        143.754318
      ],
      [
        0.690268,
        -72.475708,
        -161.976517,
        143.372116,
        -72.4757,
        -161.976501,
        143.372101
      ],
      [
        0.698601,
        -51.627895,
        -173.151367,
        143.747787,
        -51.627892,
        -173.151352,
        143.747772
      ],
      [
        0.706934,
        -29.515648,
        -181.141983,
        145.174698,
        -29.515646,
        -181.141968,
        145.174683
      ],
      [
        0.715268,
        -8.941483,
        -185.032898,
        147.084976,
        -8.941482,
        -185.032883,
        147.084961
      ],
      [
        0.723601,
        8.816057,
        -185.824112,
        149.200485,
        8.816056,
        -185.824097,
        149.20047
      ],
      [
        0.731934,
        23.35817,
        -184.783997,
        151.334457,
        23.358168,
        -184.783981,
        151.334442
      ],
      [
        0.740268,
        34.63073,
        -182.989349,
        153.294006,
        34.630726,
        -182.989334,
        153.293991
      ],
      [
        0.748601,
        42.765793,
        -181.271469,
        154.905121,
        42.765789,
        -181.271454,
        154.905106
      ],
      [
        0.756934,
        48.514748,
        -179.896454,
        156.183548,
        48.514744,
        -179.896439,
        156.183533
      ]
    ]
  }
}