{
  "ScriptType": "MotionData",
  "MotionFileName": "d:/ymir work/monster2/boar_young/20.gr2",
  "MotionDuration": 1,
  "Accumulation": [
    0,
    0,
    0
  ],
  "AttackingData": {
    "AttackType": 0,
    "HittingType": 2,
    "StiffenTime": 0,
    "InvisibleTime": 0.3,
    "ExternalForce": 0,
    "HitLimitCount": 0,
    "MotionType": 1,
    "HitDataCount": 1
  },
  "HitData00": {
    "AttackingStartTime": 0.20438,
    "AttackingEndTime": 0.36253,
    "AttackingBone": "Bip01 Head",
    "WeaponLength": 0,
    "HitPosition": [
      [
        0.20438,
        67.91848,
        -3.413248,
        35.570129,
        67.918472,
        -3.413248,
        35.570126
      ],
      [
        0.212713,
        66.691605,
        -3.789621,
        35.442924,
        66.691597,
        -3.789621,
        35.442921
      ],
      [
        0.221046,
        65.169968,
        -5.417493,
        35.298775,
        65.16996,
        -5.417493,
        35.298771
      ],
      [
        0.22938,
        62.572205,
        -9.03452,
        35.197067,
        62.572201,
        -9.034519,
        35.197063
      ],
      [
        0.237713,
        58.439358,
        -14.836261,
        35.150249,
        58.439354,
        -14.83626,
        35.150246
      ],
      [
        0.246046,
        52.481556,
        -22.62368,
        35.141983,
        52.481552,
        -22.623678,
        35.141979
      ],
      [
        0.25438,
        44.385017,
        -32.01601,
        35.170425,
        44.385014,
        -32.016006,
        35.170422
      ],
      [
        0.262713,
        33.890255,
        -42.326786,
        35.320057,
        33.890251,
        -42.326782,
        35.320053
      ],
      [
        0.271046,
        20.661642,
        -52.76062,
        35.594318,
        20.66164,
        -52.760616,
        35.594315
      ],
      [
        0.27938,
        4.599853,
        -62.225925,
        35.982529,
        4.599852,
        -62.225922,
        35.982525
      ],
      [
        0.287713,
        -12.843718,
        -69.070503,
        36.464214,
        -12.843717,
        -69.070496,
        36.464211
      ],
      [
        0.296046,
        -28.57045,
        -72.307419,
        37.031109,
        -28.570448,
        -72.307411,
        37.031105
      ],
      [
        0.30438,
        -41.958759,
        -72.666138,
        37.703838,
        -41.958755,
        -72.66613,
        37.703835
      ],
      [
        0.312713,
        -52.76976,
        -70.894882,
        38.470928,
        -52.769756,
        -70.894875,
        38.470924
      ],
      [
        0.321046,
        -60.459778,
        -68.193619,
        39.16811,
        -60.459774,
        -68.193611,
        39.168106
      ],
      [
        0.32938,
        -65.273819,
        -65.813568,
        39.647972,
        -65.273811,
        -65.81356,
        39.647968
      ],
      [
        0.337713,
        -68.074471,
        -64.190331,
        39.912827,
        -68.074463,
        -64.190323,
        39.912823
      ],
      [
        0.346046,
        -69.431892,
        -63.436096,
        39.99052,
        -69.431885,
        -63.436092,
        39.990517
      ],
      [
        0.35438,
        -70.236534,
        -62.896553,
        39.969486,
        -70.236526,
        -62.896549,
        39.969482
      ]
    ]
  }
}