{
  "ScriptType": "MotionData",
  "MotionFileName": "d:/ymir work/pc/shaman/general/attack_1.gr2",
  "MotionDuration": 1,
  "AttackingData": {
    "AttackType": 0,
    "HittingType": 2,
    "StiffenTime": 0,
    "InvisibleTime": 0.3,
    "ExternalForce": 0,
    "MotionType": 0,
    "HitDataCount": 1
  },
  "HitData00": {
    "AttackingStartTime": 0.493917,
    "AttackingEndTime": 0.649635,
    "AttackingBone": "equip_right",
    "WeaponLength": 0,
    "HitPosition": [
      [
        0.493917,
        -38.579132,
        -10.133574,
        77.062279,
        -38.579128,
        -10.133573,
        77.062271
      ],
      [
        0.502251,
        -47.115005,
        -37.576271,
        78.744095,
        -47.115002,
        -37.576267,
        78.744087
      ],
      [
        0.510584,
        -47.555363,
        -68.92997,
        84.105583,
        -47.555359,
        -68.929962,
        84.105576
      ],
      [
        0.518917,
        -38.651562,
        -97.641479,
        93.680954,
        -38.651558,
        -97.641472,
        93.680946
      ],
      [
        0.527251,
        -21.08374,
        -119.219154,
        107.301804,
        -21.083738,
        -119.219147,
        107.301796
      ],
      [
        0.535584,
        1.867012,
        -129.056396,
        122.580566,
        1.867012,
        -129.056381,
        122.580559
      ],
      [
        0.543917,
        21.605721,
        -127.943565,
        132.527054,
        21.605719,
        -127.943558,
        132.527039
      ],
      [
        0.552251,
        34.518314,
        -122.529167,
        137.661987,
        34.518311,
        -122.52916,
        137.661972
      ],
      [
        0.560584,
        41.130886,
        -116.787132,
        139.681076,
        41.130882,
        -116.787125,
        139.681061
      ],
      [
        0.568917,
        43.559402,
        -111.400368,
        140.189316,
        43.559399,
        -111.40036,
        140.189301
      ],
      [
        0.577251,
        45.193771,
        -106.162941,
        140.886963,
        45.193768,
        -106.162933,
        140.886948
      ],
      [
        0.585584,
        46.670784,
        -101.672737,
        141.797485,
        46.67078,
        -101.672729,
        141.79747
      ],
      [
        0.593917,
        48.407879,
        -98.22213,
        142.915192,
        48.407875,
        -98.222122,
        142.915176
      ],
      [
        0.602251,
        49.795326,
        -95.661278,
        144.042236,
        49.795322,
        -95.66127,
        144.042221
      ],
      [
        0.610584,
        50.175713,
        -93.830597,
        144.994965,
        50.175709,
        -93.830589,
        144.994949
      ],
      [
        0.618917,
        49.645279,
        -92.711967,
        145.76358,
        49.645275,
        -92.71196,
        145.763565
      ],
      [
        0.62725,
        48.241806,
        -92.22673,
        146.340546,
        48.241802,
        -92.226723,
        146.34053
      ],
      [
        0.635584,
        46.775166,
        -91.819916,
        146.778595,
        46.775162,
        -91.819908,
        146.77858
      ],
      [
        0.643917,
        45.582748,
        -91.31617,
        147.100739,
        45.582745,
        -91.316162,
        147.100723
      ]
    ]
  }
}