{
  "ScriptType": "MotionData",
  "MotionFileName": "d:/ymir work/monster2/zombie_diseased_spear/20.gr2",
  "MotionDuration": 1.333333,
  "AttackingData": {
    "AttackType": 0,
    "HittingType": 2,
    "StiffenTime": 0,
    "InvisibleTime": 0.3,
    "ExternalForce": 0,
    "HitLimitCount": 0,
    "MotionType": 1,
    "HitDataCount": 1
  },
  "HitData00": {
    "AttackingStartTime": 0.64558,
    "AttackingEndTime": 0.742903,
    "AttackingBone": "Bone32",
    "WeaponLength": 220,
    "HitPosition": [
      [
        0.64558,
        42.874084,
        -58.835323,
        144.176697,
        84.426399,
        0.98008,
        257.50705
      ],
      [
        0.653913,
        39.98341,
        -68.155449,
        136.005188,
        92.083313,
        -30.165136,
        252.502426
      ],
      [
        0.662247,
        35.782562,
        -77.064949,
        125.919289,
        97.907982,
        -62.017796,
        240.935806
      ],
      [
        0.67058,
        30.022945,
        -85.130852,
        114.01358,
        101.985374,
        -93.532692,
        224.282562
      ],
      [
        0.678913,
        22.704153,
        -92.040771,
        100.915207,
        104.015427,
        -124.347321,
        203.023972
      ],
      [
        0.687247,
        13.58929,
        -97.444092,
        86.950546,
        101.890724,
        -153.486649,
        175.434692
      ],
      [
        0.69558,
        2.380339,
        -100.93734,
        72.510437,
        94.336281,
        -179.607269,
        141.941849
      ],
      [
        0.703913,
        -11.182915,
        -102.097351,
        58.195625,
        79.957253,
        -201.168259,
        103.525536
      ],
      [
        0.712247,
        -26.742376,
        -100.526428,
        45.142868,
        59.211468,
        -217.552628,
        63.27903
      ],
      [
        0.72058,
        -40.420158,
        -96.774704,
        35.778339,
        38.232212,
        -227.417755,
        29.972839
      ],
      [
        0.728913,
        -50.69976,
        -92.52018,
        29.822483,
        20.66503,
        -232.331955,
        5.305128
      ],
      [
        0.737247,
        -57.207508,
        -89.045166,
        26.470163,
        9.275134,
        -235.545364,
        -10.832223
      ]
    ]
  }
}