{
  "ScriptType": "MotionData",
  "MotionFileName": "d:/ymir work/monster2/fire_tiger_young/20_1.gr2",
  "MotionDuration": 1,
  "AttackingData": {
    "AttackType": 0,
    "HittingType": 2,
    "StiffenTime": 0,
    "InvisibleTime": 0.3,
    "ExternalForce": 0,
    "HitLimitCount": 0,
    "MotionType": 1,
    "HitDataCount": 1
  },
  "HitData00": {
    "AttackingStartTime": 0.238443,
    "AttackingEndTime": 0.411192,
    "AttackingBone": "Bip01 L Hand",
    "WeaponLength": 9,
    "HitPosition": [
      [
        0.238443,
        85.089035,
        55.657578,
        56.710564,
        79.737671,
        50.80085,
        62.036575
      ],
      [
        0.246776,
        83.692291,
        34.607433,
        52.502193,
        77.58181,
        28.617668,
        53.910435
      ],
      [
        0.25511,
        68.770676,
        9.621686,
        47.731369,
        62.987026,
        4.032138,
        44.411076
      ],
      [
        0.263443,
        56.460579,
        -5.269664,
        44.373047,
        52.489506,
        -12.03868,
        40.106632
      ],
      [
        0.271776,
        49.764729,
        -23.713264,
        43.505379,
        47.238377,
        -30.97492,
        39.064411
      ],
      [
        0.28011,
        47.152821,
        -48.794891,
        39.341747,
        47.342827,
        -54.696331,
        32.692768
      ],
      [
        0.288443,
        44.060116,
        -73.668396,
        32.246136,
        48.084045,
        -74.35112,
        24.347803
      ],
      [
        0.296776,
        32.100594,
        -91.800804,
        29.728193,
        38.484802,
        -90.048561,
        23.63468
      ],
      [
        0.30511,
        15.388593,
        -105.442116,
        28.112671,
        22.927341,
        -104.315887,
        23.329102
      ],
      [
        0.313443,
        -3.533637,
        -114.84639,
        25.612118,
        3.819717,
        -116.038055,
        20.56328
      ],
      [
        0.321776,
        -21.592064,
        -119.569336,
        23.418297,
        -15.599883,
        -123.136559,
        17.729029
      ],
      [
        0.33011,
        -36.805046,
        -120.388023,
        22.365936,
        -32.575371,
        -125.73867,
        16.494919
      ],
      [
        0.338443,
        -48.865601,
        -118.319397,
        22.531191,
        -46.434128,
        -124.96331,
        16.970278
      ],
      [
        0.346776,
        -57.763165,
        -114.27739,
        23.790127,
        -56.910583,
        -121.850624,
        19.003057
      ],
      [
        0.35511,
        -64.649109,
        -108.887192,
        25.082399,
        -65.227188,
        -116.923042,
        21.071489
      ],
      [
        0.363443,
        -69.89006,
        -102.281288,
        25.892092,
        -71.808723,
        -110.364647,
        22.432587
      ],
      [
        0.371776,
        -73.445808,
        -94.513145,
        26.007042,
        -76.630112,
        -102.296066,
        22.800571
      ],
      [
        0.38011,
        -75.114769,
        -86.184952,
        25.405888,
        -79.390358,
        -93.416382,
        22.177233
      ],
      [
        0.388443,
        -75.019508,
        -79.532051,
        24.519258,
        -79.940071,
        -86.315926,
        21.238443
      ],
      [
        0.396776,
        -73.878471,
        -74.893753,
        23.310244,
        -79.030334,
        -81.467979,
        19.958326
      ],
      [
        0.40511,
        -72.102585,
        -72.230186,
        21.743746,
        -77.105156,
        -78.872932,
        18.30175
      ]
    ]
  }
}