{
  "ScriptType": "MotionData",
  "MotionFileName": "d:/ymir work/monster2/zombie_bigboss/20.gr2",
  "MotionDuration": 1.1667,
  "Accumulation": [
    0,
    0,
    0
  ],
  "AttackingData": {
    "AttackType": 0,
    "HittingType": 2,
    "StiffenTime": 0,
    "InvisibleTime": 0.3,
    "ExternalForce": 0,
    "HitLimitCount": 0,
    "MotionType": 1,
    "HitDataCount": 1
  },
  "HitData00": {
    "AttackingStartTime": 0.542174,
    "AttackingEndTime": 0.607462,
    "AttackingBone": "Bip01 R Hand",
    "WeaponLength": 61,
    "HitPosition": [
      [
        0.542174,
        -50.688175,
        -21.317162,
        190.791473,
        6.119277,
        -0.087522,
        196.937744
      ],
      [
        0.550507,
        -46.700085,
        -56.251656,
        180.774353,
        -4.002223,
        -15.375266,
        195.487564
      ],
      [
        0.55884,
        -30.888897,
        -89.996834,
        165.710953,
        -10.64862,
        -39.995399,
        194.096298
      ],
      [
        0.567174,
        -1.522719,
        -115.656448,
        144.612228,
        -6.013906,
        -74.00473,
        188.92601
      ],
      [
        0.575507,
        39.432247,
        -122.129364,
        116.856812,
        20.417953,
        -109.416519,
        172.88382
      ],
      [
        0.58384,
        78.291542,
        -95.998047,
        87.201721,
        71.029701,
        -121.626709,
        141.103439
      ],
      [
        0.592174,
        91.482765,
        -52.446293,
        71.632408,
        112.696083,
        -94.124344,
        110.583305
      ],
      [
        0.600507,
        86.527802,
        -22.824741,
        69.606483,
        127.562859,
        -59.374786,
        95.963943
      ]
    ]
  }
}