{
  "ScriptType": "MotionData",
  "MotionFileName": "D:\\YMIR WORK\\pc\\assassin\\dualhand_sword\\combo_05.GR2",
  "MotionDuration": 1.166667,
  "Accumulation": [
    0,
    -53.27,
    0
  ],
  "ComboInputData": {
    "PreInputTime": 0.3,
    "DirectInputTime": 0.4,
    "InputLimitTime": 0.5
  },
  "AttackingData": {
    "AttackType": 0,
    "HittingType": 2,
    "StiffenTime": 0,
    "InvisibleTime": 0.2,
    "ExternalForce": 5,
    "HitLimitCount": 0,
    "MotionType": 2,
    "HitDataCount": 2
  },
  "HitData00": {
    "AttackingStartTime": 0.221411,
    "AttackingEndTime": 0.317924,
    "AttackingBone": "equip_right",
    "WeaponLength": 80,
    "HitPosition": [
      [
        0.221411,
        16.217758,
        -65.138344,
        77.984123,
        77.164787,
        -45.434589,
        30.072996
      ],
      [
        0.229745,
        -0.801099,
        -71.432922,
        94.750908,
        59.832138,
        -86.012047,
        44.661396
      ],
      [
        0.238078,
        -18.436522,
        -68.543282,
        114.315102,
        29.8498,
        -114.330521,
        69.915848
      ],
      [
        0.246411,
        -33.546272,
        -54.797283,
        134.493561,
        -7.692913,
        -123.874397,
        103.649155
      ],
      [
        0.254745,
        -42.265488,
        -30.610664,
        150.993103,
        -44.515404,
        -109.72876,
        140.28772
      ],
      [
        0.263078,
        -41.5228,
        -3.483316,
        159.182983,
        -68.599152,
        -78.1185,
        168.787857
      ],
      [
        0.271411,
        -33.303726,
        18.021957,
        160.917496,
        -76.478172,
        -44.55294,
        185.659195
      ],
      [
        0.279745,
        -21.392019,
        32.839321,
        159.868622,
        -73.358017,
        -16.238596,
        195.228668
      ],
      [
        0.288078,
        -8.095851,
        41.763062,
        158.241562,
        -63.901512,
        4.431453,
        201.362732
      ],
      [
        0.296411,
        5.032247,
        45.93145,
        156.889297,
        -51.886318,
        17.655663,
        205.469833
      ],
      [
        0.304745,
        16.61956,
        47.15646,
        155.000275,
        -41.188114,
        27.170755,
        206.511017
      ],
      [
        0.313078,
        26.214531,
        46.662827,
        152.61795,
        -32.74968,
        34.858192,
        205.278183
      ]
    ]
  },
  "HitData01": {
    "AttackingStartTime": 0.24412,
    "AttackingEndTime": 0.394566,
    "AttackingBone": "equip_left",
    "WeaponLength": 80,
    "HitPosition": [
      [
        0.24412,
        56.612316,
        -6.58558,
        71.09066,
        68.390465,
        71.244308,
        85.331444
      ],
      [
        0.252453,
        56.008255,
        -22.99472,
        73.356758,
        82.752228,
        52.394108,
        74.035797
      ],
      [
        0.260787,
        52.361603,
        -38.927433,
        78.394722,
        92.805664,
        28.681581,
        64.498581
      ],
      [
        0.26912,
        45.592976,
        -53.055336,
        85.316078,
        97.630928,
        1.423138,
        58.411568
      ],
      [
        0.277453,
        36.319996,
        -64.500519,
        94.008942,
        96.556175,
        -27.533129,
        56.528671
      ],
      [
        0.285787,
        25.351494,
        -72.546661,
        104.370949,
        89.47242,
        -56.166859,
        59.425575
      ],
      [
        0.29412,
        13.496347,
        -76.638763,
        116.180481,
        76.698936,
        -82.539032,
        67.498741
      ],
      [
        0.302453,
        -0.303322,
        -76.15686,
        129.098816,
        56.147778,
        -106.695686,
        81.353905
      ],
      [
        0.310787,
        -15.097469,
        -69.270302,
        142.570602,
        26.725,
        -124.181313,
        102.13047
      ],
      [
        0.31912,
        -28.090796,
        -54.339592,
        155.270172,
        -9.477307,
        -127.867302,
        129.833984
      ],
      [
        0.327453,
        -35.266129,
        -31.28009,
        164.729385,
        -46.14624,
        -110.47599,
        161.854614
      ],
      [
        0.335787,
        -33.214546,
        -6.482658,
        167.789688,
        -70.503792,
        -74.211479,
        188.313812
      ],
      [
        0.34412,
        -25.366711,
        11.608845,
        165.484283,
        -78.376518,
        -35.951252,
        201.9254
      ],
      [
        0.352453,
        -16.588053,
        22.690317,
        160.884766,
        -77.005623,
        -4.431104,
        205.758255
      ],
      [
        0.360787,
        -9.689356,
        28.631588,
        156.057709,
        -73.219048,
        18.063028,
        203.504532
      ],
      [
        0.36912,
        -5.477077,
        31.603081,
        151.901154,
        -70.867714,
        32.915161,
        197.968155
      ],
      [
        0.377453,
        -2.221216,
        33.350307,
        148.214966,
        -68.597809,
        44.49316,
        191.458038
      ],
      [
        0.385787,
        0.205881,
        34.327042,
        145.011063,
        -66.656052,
        53.508961,
        184.525314
      ],
      [
        0.39412,
        1.703942,
        34.820789,
        142.306229,
        -65.549194,
        60.20853,
        177.410385
      ]
    ]
  }
}