{
  "ScriptType": "MotionData",
  "MotionFileName": "d:/ymir work/monster2/lion_young/20.gr2",
  "MotionDuration": 1,
  "Accumulation": [
    0,
    0,
    0
  ],
  "AttackingData": {
    "AttackType": 0,
    "HittingType": 2,
    "StiffenTime": 0,
    "InvisibleTime": 0.3,
    "ExternalForce": 0,
    "HitLimitCount": 0,
    "MotionType": 1,
    "HitDataCount": 1
  },
  "HitData00": {
    "AttackingStartTime": 0.323601,
    "AttackingEndTime": 0.613139,
    "AttackingBone": "Bip01 Head",
    "WeaponLength": 0,
    "HitPosition": [
      [
        0.323601,
        5.49123,
        -80.175987,
        173.581741,
        5.49123,
        -80.17598,
        173.581726
      ],
      [
        0.331934,
        5.629964,
        -83.334465,
        171.248306,
        5.629963,
        -83.334457,
        171.248291
      ],
      [
        0.340268,
        5.702469,
        -87.870117,
        167.310654,
        5.702468,
        -87.87011,
        167.310638
      ],
      [
        0.348601,
        5.681056,
        -93.556824,
        161.508057,
        5.681056,
        -93.556816,
        161.508041
      ],
      [
        0.356934,
        5.53852,
        -99.876228,
        153.710358,
        5.538519,
        -99.876221,
        153.710342
      ],
      [
        0.365268,
        5.244997,
        -106.539703,
        143.632889,
        5.244997,
        -106.539696,
        143.632874
      ],
      [
        0.373601,
        4.772408,
        -113.173462,
        130.980728,
        4.772408,
        -113.173454,
        130.980713
      ],
      [
        0.381934,
        4.203783,
        -118.475677,
        117.425598,
        4.203782,
        -118.47567,
        117.425591
      ],
      [
        0.390268,
        3.758678,
        -121.170334,
        106.844353,
        3.758678,
        -121.170326,
        106.844345
      ],
      [
        0.398601,
        3.483386,
        -121.931709,
        99.832672,
        3.483386,
        -121.931702,
        99.832664
      ],
      [
        0.406934,
        3.398362,
        -121.27916,
        96.630882,
        3.398362,
        -121.279152,
        96.630875
      ],
      [
        0.415268,
        3.365895,
        -120.17617,
        94.895081,
        3.365895,
        -120.176163,
        94.895073
      ],
      [
        0.423601,
        3.279863,
        -119.171051,
        92.841385,
        3.279863,
        -119.171043,
        92.841377
      ],
      [
        0.431934,
        3.139101,
        -118.246193,
        90.464279,
        3.1391,
        -118.246185,
        90.464272
      ],
      [
        0.440268,
        2.94544,
        -117.373444,
        87.791489,
        2.94544,
        -117.373436,
        87.791481
      ],
      [
        0.448601,
        2.737386,
        -116.46994,
        85.249504,
        2.737386,
        -116.469933,
        85.249496
      ],
      [
        0.456934,
        2.52753,
        -115.525681,
        82.975105,
        2.52753,
        -115.525673,
        82.975098
      ],
      [
        0.465268,
        2.316418,
        -114.553383,
        80.972725,
        2.316418,
        -114.553375,
        80.972717
      ],
      [
        0.473601,
        2.10494,
        -113.576248,
        79.216026,
        2.10494,
        -113.576241,
        79.216019
      ],
      [
        0.481934,
        1.895011,
        -112.655067,
        77.575806,
        1.895011,
        -112.65506,
        77.575798
      ],
      [
        0.490267,
        1.687192,
        -111.800995,
        76.038399,
        1.687192,
        -111.800987,
        76.038391
      ],
      [
        0.498601,
        1.481908,
        -111.018646,
        74.605331,
        1.481908,
        -111.018639,
        74.605324
      ],
      [
        0.506934,
        1.288726,
        -110.283073,
        73.330711,
        1.288726,
        -110.283066,
        73.330704
      ],
      [
        0.515267,
        1.125039,
        -109.549637,
        72.313438,
        1.125039,
        -109.549629,
        72.313431
      ],
      [
        0.523601,
        0.991389,
        -108.828857,
        71.556786,
        0.991389,
        -108.82885,
        71.556778
      ],
      [
        0.531934,
        0.887762,
        -108.130371,
        71.060959,
        0.887762,
        -108.130363,
        71.060951
      ],
      [
        0.540267,
        0.800419,
        -107.459076,
        70.715866,
        0.800419,
        -107.459068,
        70.715858
      ],
      [
        0.548601,
        0.719232,
        -106.81591,
        70.440742,
        0.719232,
        -106.815903,
        70.440735
      ],
      [
        0.556934,
        0.644225,
        -106.202057,
        70.235596,
        0.644225,
        -106.202049,
        70.235588
      ],
      [
        0.565267,
        0.575227,
        -105.618195,
        70.099594,
        0.575227,
        -105.618187,
        70.099586
      ],
      [
        0.573601,
        0.509955,
        -105.059448,
        70.021973,
        0.509955,
        -105.059441,
        70.021965
      ],
      [
        0.581934,
        0.447764,
        -104.524681,
        69.999435,
        0.447764,
        -104.524673,
        69.999428
      ],
      [
        0.590267,
        0.388682,
        -104.014435,
        70.031967,
        0.388682,
        -104.014427,
        70.03196
      ],
      [
        0.598601,
        0.332741,
        -103.527626,
        70.11673,
        0.332741,
        -103.527618,
        70.116722
      ],
      [
        0.606934,
        0.280011,
        -103.0578,
        70.241135,
        0.280011,
        -103.057793,
        70.241127
      ]
    ]
  }
}