{
  "ScriptType": "MotionData",
  "MotionFileName": "D:\\ymir work\\monster2\\mutant_3\\20.GR2",
  "MotionDuration": 1.666667,
  "Accumulation": [
    0,
    0,
    0
  ],
  "AttackingData": {
    "AttackType": 0,
    "HittingType": 2,
    "StiffenTime": 0,
    "InvisibleTime": 0,
    "ExternalForce": 0,
    "HitLimitCount": 0,
    "MotionType": 1,
    "HitDataCount": 1
  },
  "HitData00": {
    "AttackingStartTime": 0.616383,
    "AttackingEndTime": 0.660989,
    "AttackingBone": "Bip01 R Hand",
    "WeaponLength": 141,
    "HitPosition": [
      [
        0.616383,
        -61.032906,
        -245.990356,
        220.992752,
        -144.737518,
        -292.269348,
        324.341095
      ],
      [
        0.624716,
        6.570621,
        -253.321075,
        202.702301,
        -17.031464,
        -378.345886,
        262.417664
      ],
      [
        0.633049,
        72.962784,
        -240.108582,
        185.693878,
        131.94603,
        -368.049255,
        180.373032
      ],
      [
        0.641383,
        126.36834,
        -212.498657,
        171.916595,
        231.698929,
        -290.682068,
        120.745743
      ],
      [
        0.649716,
        167.316345,
        -175.787338,
        161.861694,
        285.235382,
        -198.14537,
        88.150078
      ],
      [
        0.658049,
        193.535904,
        -138.058258,
        156.18161,
        306.746643,
        -116.623276,
        74.918465
      ]
    ]
  }
}