{
  "ScriptType": "MotionData",
  "MotionFileName": "d:/ymir work/monster/mountain_dog_god/20_1.gr2",
  "MotionDuration": 1.066667,
  "AttackingData": {
    "AttackingType": 1,
    "HittingType": 2,
    "StiffenTime": 0,
    "InvisibleTime": 0.3,
    "ExternalForce": 0,
    "AttackingStartTime": 0.374701,
    "AttackingEndTime": 0.538803,
    "AttackingBone": "Bip01 R Hand",
    "WeaponLength": 0,
    "HitPosition": [
      [
        0.374701,
        -122.426041,
        -83.348343,
        129.713669,
        -122.426033,
        -83.348335,
        129.713654
      ],
      [
        0.383034,
        -117.416382,
        -110.431534,
        123.984093,
        -117.416374,
        -110.431526,
        123.984085
      ],
      [
        0.391368,
        -106.571808,
        -137.055344,
        112.941902,
        -106.5718,
        -137.055328,
        112.941895
      ],
      [
        0.399701,
        -87.957108,
        -161.610718,
        96.219238,
        -87.9571,
        -161.610703,
        96.219231
      ],
      [
        0.408034,
        -61.693508,
        -180.385513,
        78.987099,
        -61.693504,
        -180.385498,
        78.987091
      ],
      [
        0.416368,
        -32.506214,
        -192.557648,
        67.010536,
        -32.50621,
        -192.557632,
        67.010529
      ],
      [
        0.424701,
        -2.623107,
        -200.02652,
        59.847561,
        -2.623106,
        -200.026505,
        59.847557
      ],
      [
        0.433034,
        27.132862,
        -204.093613,
        57.158428,
        27.13286,
        -204.093597,
        57.158424
      ],
      [
        0.441367,
        54.22403,
        -204.188492,
        56.933853,
        54.224026,
        -204.188477,
        56.933849
      ],
      [
        0.449701,
        76.179604,
        -200.779663,
        56.59486,
        76.179596,
        -200.779648,
        56.594856
      ],
      [
        0.458034,
        93.657745,
        -195.625732,
        56.13406,
        93.657738,
        -195.625717,
        56.134056
      ],
      [
        0.466367,
        107.839699,
        -189.500046,
        56.107689,
        107.839691,
        -189.500031,
        56.107685
      ],
      [
        0.474701,
        120.179001,
        -182.677643,
        57.186886,
        120.178993,
        -182.677628,
        57.186882
      ],
      [
        0.483034,
        130.911041,
        -175.198669,
        58.490543,
        130.911026,
        -175.198654,
        58.49054
      ],
      [
        0.491367,
        139.529037,
        -166.952072,
        58.883556,
        139.529022,
        -166.952057,
        58.883553
      ],
      [
        0.499701,
        145.612366,
        -157.87532,
        57.477779,
        145.61235,
        -157.875305,
        57.477776
      ],
      [
        0.508034,
        148.931183,
        -149.029617,
        54.614155,
        148.931168,
        -149.029602,
        54.614151
      ],
      [
        0.516367,
        150.351868,
        -141.981842,
        51.551342,
        150.351852,
        -141.981827,
        51.551338
      ],
      [
        0.524701,
        150.774628,
        -137.04512,
        48.605686,
        150.774612,
        -137.045105,
        48.605682
      ],
      [
        0.533034,
        150.817673,
        -134.25177,
        45.971481,
        150.817657,
        -134.251755,
        45.971478
      ]
    ]
  }
}