{
  "ScriptType": "MotionData",
  "MotionFileName": "d:/ymir work/monster2/ent_guru/20.gr2",
  "MotionDuration": 2,
  "AttackingData": {
    "AttackType": 0,
    "HittingType": 0,
    "StiffenTime": 0,
    "InvisibleTime": 0.3,
    "ExternalForce": 0,
    "HitLimitCount": 0,
    "MotionType": 2,
    "HitDataCount": 1
  },
  "HitData00": {
    "AttackingStartTime": 0.875912,
    "AttackingEndTime": 0.96837,
    "AttackingBone": "Bip01 R Hand",
    "WeaponLength": 0,
    "HitPosition": [
      [
        0.875912,
        -15.074981,
        -95.011261,
        88.646835,
        -15.07498,
        -95.011253,
        88.646828
      ],
      [
        0.884246,
        -18.596018,
        -93.257767,
        93.370117,
        -18.596016,
        -93.257759,
        93.37011
      ],
      [
        0.892579,
        -21.798542,
        -90.938416,
        98.22316,
        -21.79854,
        -90.938408,
        98.223152
      ],
      [
        0.900912,
        -24.65053,
        -88.076698,
        103.152023,
        -24.650528,
        -88.076691,
        103.152016
      ],
      [
        0.909246,
        -27.119129,
        -84.696671,
        108.097374,
        -27.119127,
        -84.696663,
        108.097366
      ],
      [
        0.917579,
        -29.145502,
        -80.838364,
        112.919601,
        -29.1455,
        -80.838356,
        112.919594
      ],
      [
        0.925912,
        -30.712339,
        -76.55838,
        117.54792,
        -30.712337,
        -76.558372,
        117.547913
      ],
      [
        0.934246,
        -31.818991,
        -71.911125,
        121.943558,
        -31.818989,
        -71.911118,
        121.94355
      ],
      [
        0.942579,
        -32.462498,
        -66.977364,
        126.056404,
        -32.462494,
        -66.977356,
        126.056396
      ],
      [
        0.950912,
        -32.641457,
        -61.937531,
        129.800812,
        -32.641453,
        -61.937527,
        129.800797
      ],
      [
        0.959246,
        -32.398121,
        -56.873787,
        133.174469,
        -32.398117,
        -56.873783,
        133.174454
      ],
      [
        0.967579,
        -31.77784,
        -51.842766,
        136.19104,
        -31.777838,
        -51.842762,
        136.191025
      ]
    ]
  }
}