{
  "ScriptType": "MotionData",
  "MotionFileName": "D:\\Ymir Work\\monster2\\zombie_soldier_spear\\20.GR2",
  "MotionDuration": 1,
  "Accumulation": [
    0,
    0,
    0
  ],
  "AttackingData": {
    "AttackType": 0,
    "HittingType": 2,
    "StiffenTime": 0,
    "InvisibleTime": 0.3,
    "ExternalForce": 0,
    "HitLimitCount": 0,
    "MotionType": 1,
    "HitDataCount": 1
  },
  "HitData00": {
    "AttackingStartTime": 0.335766,
    "AttackingEndTime": 0.403893,
    "AttackingBone": "Bip01 R Hand",
    "WeaponLength": 237,
    "HitPosition": [
      [
        0.335766,
        -24.895699,
        -23.879686,
        95.84021,
        16.961409,
        -248.426956,
        158.762741
      ],
      [
        0.3441,
        -27.153894,
        -47.341873,
        86.460335,
        23.640404,
        -271.916351,
        139.18367
      ],
      [
        0.352433,
        -26.119474,
        -77.193192,
        81.312775,
        24.174938,
        -302.213348,
        134.793549
      ],
      [
        0.360766,
        -19.918369,
        -105.278999,
        85.382965,
        28.43416,
        -330.180176,
        142.28595
      ],
      [
        0.3691,
        -11.216367,
        -128.945175,
        98.400589,
        34.363628,
        -354.024811,
        156.743103
      ],
      [
        0.377433,
        -1.986567,
        -145.691483,
        120.21032,
        40.623074,
        -371.73233,
        176.060684
      ],
      [
        0.385766,
        5.947127,
        -152.861328,
        140.305969,
        46.636539,
        -379.455475,
        196.333832
      ],
      [
        0.3941,
        10.363768,
        -155.422455,
        152.530548,
        53.724247,
        -381.851349,
        207.071732
      ],
      [
        0.402433,
        11.646845,
        -157.942749,
        157.309509,
        61.791309,
        -384.030975,
        206.758072
      ]
    ]
  }
}