{
  "ScriptType": "MotionData",
  "MotionFileName": "d:/ymir work/pc2/shaman/fan/combo_04.gr2",
  "MotionDuration": 1.166667,
  "Accumulation": [
    0,
    -103.55,
    0
  ],
  "ComboInputData": {
    "PreInputTime": 1.166667,
    "DirectInputTime": 1.166667,
    "InputLimitTime": 1.166667
  },
  "AttackingData": {
    "AttackType": 0,
    "HittingType": 1,
    "StiffenTime": 0,
    "InvisibleTime": 0.3,
    "ExternalForce": 15,
    "HitLimitCount": 0,
    "MotionType": 2,
    "HitDataCount": 1
  },
  "HitData00": {
    "AttackingStartTime": 0.170513,
    "AttackingEndTime": 0.744872,
    "AttackingBone": "equip_right",
    "WeaponLength": 51,
    "HitPosition": [
      [
        0.170513,
        62.306557,
        -3.77665,
        94.85791,
        64.461983,
        -5.991505,
        145.763855
      ],
      [
        0.178846,
        63.622559,
        -14.27017,
        94.620026,
        64.355209,
        -12.374729,
        145.579239
      ],
      [
        0.18718,
        62.823875,
        -26.300434,
        94.448227,
        63.938694,
        -18.748814,
        144.873535
      ],
      [
        0.195513,
        59.340904,
        -39.235092,
        94.683784,
        63.158554,
        -25.376472,
        143.615952
      ],
      [
        0.203846,
        52.529724,
        -52.404564,
        95.457695,
        61.939793,
        -32.681133,
        141.538376
      ],
      [
        0.21218,
        41.838852,
        -64.784836,
        96.887177,
        59.866924,
        -41.204464,
        138.359238
      ],
      [
        0.220513,
        27.075939,
        -74.920883,
        99.095131,
        55.969318,
        -51.375072,
        133.905334
      ],
      [
        0.228846,
        9.719263,
        -80.902596,
        102.03746,
        48.875431,
        -62.594067,
        129.103729
      ],
      [
        0.23718,
        -8.562338,
        -81.961571,
        105.527832,
        37.871899,
        -73.334816,
        124.774429
      ],
      [
        0.245513,
        -26.45746,
        -78.008728,
        109.407288,
        22.992096,
        -81.929298,
        121.254616
      ],
      [
        0.253846,
        -42.682049,
        -69.283318,
        113.540588,
        4.934532,
        -86.791634,
        118.747383
      ],
      [
        0.26218,
        -55.769798,
        -56.648972,
        117.390152,
        -14.473239,
        -86.575058,
        117.283966
      ],
      [
        0.270513,
        -64.723869,
        -41.781025,
        120.064522,
        -32.412827,
        -81.087227,
        116.59996
      ],
      [
        0.278846,
        -69.649338,
        -25.860643,
        121.509384,
        -47.293537,
        -71.424164,
        116.491936
      ],
      [
        0.28718,
        -70.754143,
        -9.811776,
        121.790642,
        -58.194324,
        -59.003799,
        116.954689
      ],
      [
        0.295513,
        -68.26075,
        5.587657,
        121.225067,
        -64.929939,
        -45.206543,
        118.094955
      ],
      [
        0.303846,
        -62.41309,
        19.885664,
        120.923889,
        -68.701218,
        -30.698128,
        119.276016
      ],
      [
        0.31218,
        -53.614605,
        32.468597,
        120.958542,
        -69.781082,
        -15.895717,
        120.227921
      ],
      [
        0.320513,
        -42.34462,
        42.811813,
        121.225967,
        -68.217476,
        -1.136322,
        120.876129
      ],
      [
        0.328846,
        -29.100508,
        50.507984,
        121.667542,
        -63.991627,
        13.314277,
        121.194504
      ],
      [
        0.337179,
        -14.447408,
        55.236488,
        122.498184,
        -56.978577,
        27.115995,
        121.344582
      ],
      [
        0.345513,
        0.978918,
        56.743874,
        123.895798,
        -47.055649,
        39.776119,
        121.493103
      ],
      [
        0.353846,
        16.517199,
        54.848957,
        125.882507,
        -34.143574,
        50.676468,
        121.75209
      ],
      [
        0.362179,
        31.440357,
        49.464886,
        128.485687,
        -18.272364,
        59.018154,
        122.291634
      ],
      [
        0.370513,
        44.847084,
        40.700264,
        131.600311,
        0.086399,
        63.701115,
        123.327492
      ],
      [
        0.378846,
        55.720879,
        29.124229,
        134.852997,
        19.518225,
        63.655304,
        124.955154
      ],
      [
        0.387179,
        63.497448,
        15.43229,
        138.172318,
        38.731739,
        58.634212,
        127.160828
      ],
      [
        0.395513,
        67.805931,
        0.403988,
        141.507843,
        56.429325,
        48.747677,
        129.91217
      ],
      [
        0.403846,
        68.462181,
        -15.11936,
        144.807388,
        71.354248,
        34.449329,
        133.163513
      ],
      [
        0.412179,
        65.521194,
        -30.157709,
        147.988327,
        82.324867,
        16.697853,
        136.889359
      ],
      [
        0.420513,
        59.275143,
        -43.893673,
        151.016052,
        88.553642,
        -3.345779,
        141.034653
      ],
      [
        0.428846,
        50.167038,
        -55.659599,
        153.875626,
        89.605003,
        -24.417912,
        145.532928
      ],
      [
        0.437179,
        38.757248,
        -64.915436,
        156.557556,
        85.373741,
        -45.192703,
        150.32016
      ],
      [
        0.445513,
        25.900248,
        -71.240128,
        158.938614,
        76.257965,
        -64.12838,
        155.130539
      ],
      [
        0.453846,
        12.56015,
        -74.539383,
        160.918167,
        63.260174,
        -79.921669,
        159.679367
      ],
      [
        0.462179,
        -0.59666,
        -74.998184,
        162.55455,
        47.485741,
        -91.94313,
        163.94899
      ],
      [
        0.470513,
        -13.024929,
        -72.916695,
        163.903336,
        30.058874,
        -99.906387,
        167.944839
      ],
      [
        0.478846,
        -24.298534,
        -68.673676,
        165.013351,
        12.06491,
        -103.80793,
        171.667816
      ],
      [
        0.487179,
        -34.099602,
        -62.709175,
        165.93309,
        -5.42206,
        -103.879562,
        175.076111
      ],
      [
        0.495513,
        -42.258244,
        -55.446983,
        166.727768,
        -21.588648,
        -100.631279,
        178.22319
      ],
      [
        0.503846,
        -48.700413,
        -47.291927,
        167.45285,
        -35.836952,
        -94.7015,
        181.159119
      ],
      [
        0.512179,
        -53.432163,
        -38.617214,
        168.153534,
        -47.775188,
        -86.789833,
        183.914017
      ],
      [
        0.520513,
        -56.593258,
        -29.521719,
        168.90358,
        -57.393471,
        -77.353165,
        186.581436
      ],
      [
        0.528846,
        -58.233475,
        -20.135826,
        169.730164,
        -64.650589,
        -66.853615,
        189.153519
      ],
      [
        0.537179,
        -58.363777,
        -10.682907,
        170.625351,
        -69.508354,
        -55.844234,
        191.535706
      ],
      [
        0.545513,
        -57.021469,
        -1.390561,
        171.567612,
        -72.051613,
        -44.861889,
        193.597824
      ],
      [
        0.553846,
        -54.347492,
        7.344738,
        172.497543,
        -72.541786,
        -34.556995,
        195.173721
      ],
      [
        0.562179,
        -50.671276,
        15.091274,
        173.342957,
        -71.47187,
        -25.500738,
        196.16008
      ],
      [
        0.570513,
        -46.257416,
