{
  "ScriptType": "MotionData",
  "MotionFileName": "d:\\ymir work\\monster2\\ch_water_dragon\\20.GR2",
  "MotionDuration": 2,
  "Accumulation": [
    0,
    0,
    0
  ],
  "AttackingData": {
    "AttackType": 1,
    "HittingType": 2,
    "StiffenTime": 0,
    "InvisibleTime": 0,
    "ExternalForce": 0,
    "HitLimitCount": 0,
    "MotionType": 1,
    "HitDataCount": 1
  },
  "HitData00": {
    "AttackingStartTime": 0.76399,
    "AttackingEndTime": 1.46472,
    "AttackingBone": "Bip01 R Hand",
    "WeaponLength": 90,
    "HitPosition": [
      [
        0.76399,
        -218.902725,
        -102.039307,
        120.343033,
        -171.786942,
        -123.008598,
        181.501785
      ],
      [
        0.772323,
        -219.269821,
        -99.747589,
        123.228531,
        -171.419266,
        -119.048073,
        184.366241
      ],
      [
        0.780657,
        -219.390274,
        -97.589554,
        125.642136,
        -170.828049,
        -115.62191,
        186.605591
      ],
      [
        0.78899,
        -219.294525,
        -95.531548,
        127.591614,
        -170.058289,
        -112.716309,
        188.25856
      ],
      [
        0.797323,
        -219.00032,
        -93.523361,
        129.088715,
        -169.136429,
        -110.300827,
        189.355743
      ],
      [
        0.805657,
        -218.513763,
        -91.572998,
        130.138428,
        -168.087723,
        -108.395081,
        189.923325
      ],
      [
        0.81399,
        -217.836517,
        -89.69014,
        130.750992,
        -166.935287,
        -107.01342,
        189.987503
      ],
      [
        0.822323,
        -216.988251,
        -87.982674,
        131.047058,
        -165.70752,
        -106.100266,
        189.715973
      ],
      [
        0.830657,
        -215.988434,
        -86.502808,
        131.092163,
        -164.430222,
        -105.618599,
        189.198425
      ],
      [
        0.83899,
        -214.846252,
        -85.246468,
        130.893005,
        -163.122726,
        -105.561249,
        188.442856
      ],
      [
        0.847323,
        -213.571106,
        -84.214928,
        130.468201,
        -161.800369,
        -105.909462,
        187.469467
      ],
      [
        0.855657,
        -212.193787,
        -83.45282,
        129.917145,
        -160.471725,
        -106.571411,
        186.400421
      ],
      [
        0.86399,
        -210.731049,
        -82.962708,
        129.263107,
        -159.144257,
        -107.515404,
        185.262833
      ],
      [
        0.872323,
        -209.19278,
        -82.735474,
        128.508026,
        -157.823303,
        -108.72776,
        184.056061
      ],
      [
        0.880657,
        -207.601028,
        -82.786331,
        127.686745,
        -156.511948,
        -110.169579,
        182.823502
      ],
      [
        0.88899,
        -206.010941,
        -83.1838,
        126.90242,
        -155.211258,
        -111.74897,
        181.705963
      ],
      [
        0.897323,
        -204.438324,
        -83.924522,
        126.157486,
        -153.921082,
        -113.449753,
        180.712692
      ],
      [
        0.905657,
        -202.892044,
        -85.000763,
        125.446671,
        -152.64064,
        -115.264069,
        179.842743
      ],
      [
        0.91399,
        -201.398941,
        -86.422501,
        124.818977,
        -151.367813,
        -117.141335,
        179.162735
      ],
      [
        0.922323,
        -199.990768,
        -88.208183,
        124.33989,
        -150.102905,
        -119.020363,
        178.762421
      ],
      [
        0.930656,
        -198.665771,
        -90.359596,
        124.004761,
        -148.849808,
        -120.903435,
        178.643997
      ],
      [
        0.93899,
        -197.414093,
        -92.877052,
        123.808197,
        -147.613205,
        -122.79686,
        178.805328
      ],
      [
        0.947323,
        -196.178543,
        -95.591576,
        123.667191,
        -146.392105,
        -124.719742,
        179.100616
      ],
      [
        0.955656,
        -194.926727,
        -98.415405,
        123.539261,
        -145.182449,
        -126.684891,
        179.452988
      ],
      [
        0.96399,
        -193.648499,
        -101.352203,
        123.424606,
        -143.979904,
        -128.700546,
        179.861374
      ],
      [
        0.972323,
        -192.331711,
        -104.406906,
        123.322586,
        -142.778519,
        -130.777344,
        180.323318
      ],
      [
        0.980656,
        -190.966782,
        -107.59169,
        123.227852,
        -141.572052,
        -132.932175,
        180.830124
      ],
      [
        0.98899,
        -189.539948,
        -110.911804,
        123.138649,
        -140.352371,
        -135.176453,
        181.377914
      ],
      [
        0.997323,
        -188.03479,
        -114.370132,
        123.053986,
        -139.109329,
        -137.520645,
        181.963699
      ],
      [
        1.005656,
        -186.43541,
        -117.962799,
        122.968704,
        -137.831757,
        -139.974991,
        182.576996
      ],
      [
        1.01399,
        -184.730255,
        -121.672005,
        122.869125,
        -136.508347,
        -142.546097,
        183.192596
      ],
      [
        1.022323,
        -182.904266,
        -125.496384,
        122.752823,
        -135.125916,
        -145.241226,
        183.805054
      ],
      [
        1.030656,
        -180.941376,
        -129.43454,
        122.618301,
        -133.669922,
        -148.0672,
        184.410141
      ],
      [
        1.03899,
        -178.830811,
        -133.481567,
        122.457741,
        -132.127762,
        -151.031158,
        184.994431
      ],
      [
        1.047323,
        -176.56572,
        -137.630676,
        122.261581,
        -130.488449,
        -154.137436,
        185.542023
      ],
      [
        1.055656,
        -174.133011,
        -141.877182,
        122.02829,
        -128.736893,
        -157.387314,
        186.048874
      ],
      [
        1.06399,
        -171.519485,
        -146.214355,
        121.756149,
        -126.857178,
        -160.780365,
        186.510361
      ],
      [
        1.072323,
        -168.728195,
        -150.614777,
        121.434235,
        -124.841927,
        -164.303848,
        186.906418
      ],
      [
        1.080656,
        -165.759552,
        -155.060303,
        121.056831,
        -122.682991,
        -167.946442,
        187.226028
      ],
      [
        1.08899,
        -162.6073,
        -159.542709,
        120.623535,
        -120.368378,
        -171.700897,
        187.467056
      ],
      [
        1.097323,
        -159.266449,
        -164.055206,
        120.131821,
        -117.887146,
        -175.560715,
        187.625381
      ],
      [
        1.105656,
        -155.743805,
        -168.603699,
        119.562485,
        -115.239952,
        -179.529327,
        187.680557
      ],
      [
        1.11399,
        -152.03833,
        -173.181976,
        118.912399,
        -112.420036,
        -183.597626,
        187.628525
      ],
      [
        1.122323,
        -148.146362,
        -177.780304,
        118.183456,
        -109.418221,
        -187.753113,
        187.470352
      ],
      [
        1.130656,
        -144.080368,
        -182.367386,
        117.375999,
        -106.237083,
        -191.964371,
        187.202835
      ],
      [
        1.13899,
        -139.894241,
        -186.868927,
        116.486397,
        -102.911575,
        -196.160385,
        186.813858
      ],
      [
        1.147323,
        -135.600128,
        -191.276459,
        115.517685,
        -99.449081,
        -200.324387,
        186.3078
      ],
      [
        1.155656,
        -131.20575,
        -195.587555,
        114.47345,
