{
  "ScriptType": "MotionData",
  "MotionFileName": "d:/ymir work/pc/warrior/onehand_sword/combo_03.gr2",
  "MotionDuration": 1.066667,
  "Accumulation": [
    0,
    -143.01,
    0
  ],
  "CancelEnableSkill": 0,
  "ComboInputData": {
    "PreInputTime": 0.084786,
    "DirectInputTime": 0.418462,
    "InputLimitTime": 0.664615,
    "LinkTime": 0.060171
  },
  "AttackingData": {
    "AttackType": 0,
    "HittingType": 2,
    "StiffenTime": 0,
    "InvisibleTime": 0.2,
    "ExternalForce": 5,
    "MotionType": 2,
    "HitDataCount": 1
  },
  "HitData00": {
    "AttackingStartTime": 0.180513,
    "AttackingEndTime": 0.522393,
    "AttackingBone": "equip_right_hand",
    "WeaponLength": 130,
    "HitPosition": [
      [
        0.180513,
        -31.772713,
        -37.834511,
        78.136955,
        -88.183434,
        77.151932,
        55.867245
      ],
      [
        0.188846,
        -29.740181,
        -41.937149,
        77.331253,
        -97.558609,
        66.094238,
        52.233913
      ],
      [
        0.19718,
        -27.270653,
        -46.132713,
        76.627525,
        -106.330162,
        53.19109,
        48.620747
      ],
      [
        0.205513,
        -24.321413,
        -50.264729,
        76.077728,
        -113.596153,
        38.983269,
        45.016418
      ],
      [
        0.213846,
        -21.07538,
        -53.869522,
        75.741516,
        -117.695999,
        26.182631,
        41.73991
      ],
      [
        0.22218,
        -17.631435,
        -56.907448,
        75.576141,
        -119.161095,
        15.472648,
        38.795044
      ],
      [
        0.230513,
        -14.055503,
        -59.389217,
        75.557907,
        -118.614822,
        7.032093,
        36.117401
      ],
      [
        0.238846,
        -10.112817,
        -61.63065,
        75.716133,
        -117.086121,
        -1.05732,
        33.43642
      ],
      [
        0.24718,
        -4.846325,
        -64.447098,
        76.189148,
        -115.808334,
        -14.709476,
        30.215269
      ],
      [
        0.255513,
        1.904002,
        -67.572304,
        77.204269,
        -113.221878,
        -33.972107,
        27.034044
      ],
      [
        0.263846,
        10.028392,
        -70.670708,
        79.131798,
        -107.68972,
        -58.214077,
        25.398321
      ],
      [
        0.27218,
        19.238415,
        -73.559753,
        82.387451,
        -97.842812,
        -87.44178,
        27.621847
      ],
      [
        0.280513,
        30.165279,
        -75.900154,
        87.524788,
        -79.141441,
        -123.200661,
        35.422039
      ],
      [
        0.288846,
        43.283905,
        -75.965027,
        95.086479,
        -45.923626,
        -159.311142,
        50.416145
      ],
      [
        0.29718,
        57.907307,
        -71.266815,
        106.310814,
        3.586384,
        -185.357651,
        75.773705
      ],
      [
        0.305513,
        69.6474,
        -60.266201,
        120.89563,
        57.362743,
        -189.314743,
        111.120499
      ],
      [
        0.313846,
        74.234047,
        -47.189461,
        132.903351,
        95.27198,
        -175.148712,
        142.059692
      ],
      [
        0.322179,
        73.941391,
        -34.535736,
        141.474792,
        120.948509,
        -153.149521,
        166.396591
      ],
      [
        0.330513,
        70.886444,
        -22.730167,
        146.726852,
        139.377274,
        -126.363152,
        185.057129
      ],
      [
        0.338846,
        66.581619,
        -12.421836,
        149.067169,
        151.444946,
        -97.715904,
        198.292496
      ],
      [
        0.347179,
        62.591431,
        -5.90935,
        150.369644,
        155.198822,
        -77.354439,
        207.10997
      ],
      [
        0.355513,
        60.160992,
        -2.877493,
        151.172287,
        155.009369,
        -67.73632,
        211.976166
      ],
      [
        0.363846,
        59.823456,
        -2.938178,
        151.678101,
        153.353256,
        -69.061333,
        213.158981
      ],
      [
        0.372179,
        60.915543,
        -5.1436,
        151.952118,
        150.892609,
        -77.672112,
        211.481308
      ],
      [
        0.380513,
        61.197922,
        -6.5647,
        152.308975,
        149.360382,
        -82.552948,
        210.215408
      ],
      [
        0.388846,
        60.58633,
        -6.946945,
        152.833755,
        149.254791,
        -83.078438,
        209.771332
      ],
      [
        0.397179,
        59.119488,
        -6.309586,
        153.521301,
        150.596008,
        -79.221466,
        210.230148
      ],
      [
        0.405513,
        56.999645,
        -5.017936,
        154.344086,
        152.766479,
        -71.924026,
        211.37291
      ],
      [
        0.413846,
        54.91848,
        -4.131773,
        155.396622,
        154.537521,
        -65.06192,
        212.52417
      ],
      [
        0.422179,
        52.924137,
        -3.727033,
        156.702652,
        155.819656,
        -58.938877,
        213.835449
      ],
      [
        0.430513,
        51.005386,
        -3.812716,
        158.258606,
        156.562515,
        -53.592216,
        215.527191
      ],
      [
        0.438846,
        49.115044,
        -4.270146,
        159.962997,
        156.734985,
        -48.702259,
        217.787949
      ],
      [
        0.447179,
        47.140678,
        -4.647757,
        161.536545,
        156.428329,
        -42.931515,
        220.617569
      ],
      [
        0.455513,
        45.085155,
        -4.908587,
        162.949463,
        155.543655,
        -36.159325,
        223.960175
      ],
      [
        0.463846,
        42.959465,
        -5.054944,
        164.195145,
        153.942902,
        -28.388117,
        227.742233
      ],
      [
        0.472179,
        40.819683,
        -5.143356,
        165.274231,
        151.503372,
        -20.006083,
        231.819046
      ],
      [
        0.480513,
        38.827396,
        -5.337673,
        166.209137,
        148.319641,
        -12.288429,
        235.945236
      ],
      [
        0.488846,
        36.999134,
        -5.631947,
        167.014359,
        144.539902,
        -5.409464,
        240.054947
      ],
      [
        0.497179,
        35.335201,
        -6.007727,
        167.702393,
        140.305923,
        0.579369,
        244.107544
      ],
      [
        0.505513,
        33.850243,
        -6.435062,
        168.267838,
        135.823166,
        5.670485,
        247.985886
      ],
      [
        0.513846,
        32.596863,
        -6.854528,
        168.678467,
        131.49231,
        9.949441,
        251.366501
      ],
      [
        0.522179,
        31.571842,
        -7.249514,
        168.962677,
        127.518425,
        13.484742,
        254.193802
      ]
    ]
  }
}