{
  "ScriptType": "MotionData",
  "MotionFileName": "d:/ymir work/monster/milgyo_nahan2/20.gr2",
  "MotionDuration": 1,
  "AttackingData": {
    "AttackType": 0,
    "HittingType": 2,
    "StiffenTime": 0,
    "InvisibleTime": 0.3,
    "ExternalForce": 0,
    "MotionType": 1,
    "HitDataCount": 1
  },
  "HitData00": {
    "AttackingStartTime": 0.274939,
    "AttackingEndTime": 0.374696,
    "AttackingBone": "equip_Box",
    "WeaponLength": 151,
    "HitPosition": [
      [
        0.274939,
        -64.019928,
        -90.087082,
        124.515877,
        -204.570084,
        -54.424225,
        164.949448
      ],
      [
        0.283272,
        -35.645119,
        -104.439926,
        108.145699,
        -180.117966,
        -145.992462,
        120.694603
      ],
      [
        0.291606,
        -9.620459,
        -106.615822,
        93.538437,
        -113.165276,
        -215.809952,
        81.292587
      ],
      [
        0.299939,
        14.601336,
        -99.757385,
        81.842789,
        -13.187271,
        -242.664764,
        41.837399
      ],
      [
        0.308272,
        34.926712,
        -82.372513,
        74.22303,
        101.270821,
        -199.549225,
        6.13095
      ],
      [
        0.316606,
        42.18824,
        -56.650536,
        72.527695,
        166.575851,
        -75.582542,
        -10.393935
      ],
      [
        0.324939,
        38.303905,
        -40.829124,
        73.892487,
        151.496246,
        19.718374,
        -5.591575
      ],
      [
        0.333272,
        35.27599,
        -34.880188,
        74.586601,
        126.965385,
        54.967327,
        -4.633552
      ],
      [
        0.341606,
        38.224258,
        -32.908985,
        73.555977,
        130.138733,
        49.764099,
        -13.006751
      ],
      [
        0.349939,
        46.513454,
        -32.45676,
        71.56929,
        156.324539,
        18.462057,
        -18.679808
      ],
      [
        0.358272,
        53.758415,
        -32.35693,
        70.343552,
        176.035339,
        -9.376056,
        -15.170051
      ],
      [
        0.366606,
        59.274509,
        -32.478909,
        69.726471,
        188.563446,
        -29.70635,
        -8.209754
      ]
    ]
  }
}