{
  "ScriptType": "MotionData",
  "MotionFileName": "D:\\YMIR WORK\\pc\\shaman\\fan\\combo_06.GR2",
  "MotionDuration": 1.333333,
  "Accumulation": [
    0,
    -53.27,
    0
  ],
  "ComboInputData": {
    "PreInputTime": 0.145985,
    "DirectInputTime": 0.59043,
    "InputLimitTime": 0.814274
  },
  "AttackingData": {
    "AttackType": 0,
    "HittingType": 2,
    "StiffenTime": 0,
    "InvisibleTime": 0.2,
    "ExternalForce": 3,
    "HitLimitCount": 0,
    "MotionType": 2,
    "HitDataCount": 1
  },
  "HitData00": {
    "AttackingStartTime": 0.178427,
    "AttackingEndTime": 0.389294,
    "AttackingBone": "equip_right",
    "WeaponLength": 51,
    "HitPosition": [
      [
        0.178427,
        -32.286789,
        50.63271,
        139.679489,
        17.883013,
        54.135525,
        131.21553
      ],
      [
        0.18676,
        -39.05896,
        46.727787,
        139.404175,
        10.647571,
        56.021671,
        132.782547
      ],
      [
        0.195094,
        -46.687645,
        41.275776,
        138.498947,
        1.464054,
        57.503788,
        134.137482
      ],
      [
        0.203427,
        -54.722187,
        33.762478,
        136.907822,
        -9.801505,
        57.845478,
        135.154892
      ],
      [
        0.21176,
        -62.361866,
        23.815098,
        134.720093,
        -22.879595,
        56.080387,
        135.717758
      ],
      [
        0.220094,
        -68.098969,
        12.385673,
        133.110138,
        -35.574142,
        51.534344,
        136.319656
      ],
      [
        0.228427,
        -71.641075,
        0.208941,
        132.249771,
        -46.840725,
        44.500336,
        137.153503
      ],
      [
        0.23676,
        -73.040993,
        -12.253575,
        131.981567,
        -56.2085,
        35.484032,
        138.207809
      ],
      [
        0.245094,
        -72.41291,
        -24.622648,
        132.123596,
        -63.397781,
        25.042763,
        139.401764
      ],
      [
        0.253427,
        -69.885246,
        -36.772888,
        132.409119,
        -68.45285,
        13.537494,
        140.584473
      ],
      [
        0.26176,
        -65.050766,
        -49.973049,
        132.123123,
        -72.317192,
        -0.36451,
        141.368927
      ],
      [
        0.270094,
        -56.959709,
        -63.938515,
        131.090179,
        -74.128387,
        -17.069166,
        141.502014
      ],
      [
        0.278427,
        -44.576603,
        -77.495033,
        129.230453,
        -72.347771,
        -36.308262,
        140.778488
      ],
      [
        0.28676,
        -27.11865,
        -88.594482,
        126.511543,
        -65.144951,
        -57.014378,
        139.003952
      ],
      [
        0.295094,
        -5.245564,
        -94.179428,
        123.053696,
        -51.227806,
        -76.533592,
        136.057022
      ],
      [
        0.303427,
        15.500918,
        -92.501518,
        118.957077,
        -33.658752,
        -90.49456,
        132.110458
      ],
      [
        0.31176,
        32.366226,
        -85.457596,
        114.980164,
        -15.211864,
        -98.629158,
        127.598351
      ],
      [
        0.320094,
        44.730419,
        -75.229012,
        111.761406,
        2.711254,
        -101.84848,
        122.941208
      ],
      [
        0.328427,
        52.7976,
        -63.485912,
        109.674065,
        19.431093,
        -101.031456,
        118.476646
      ],
      [
        0.33676,
        57.101837,
        -51.480278,
        108.944901,
        34.527466,
        -96.846764,
        114.699898
      ],
      [
        0.345094,
        58.644028,
        -41.289314,
        109.426521,
        46.804359,
        -90.747375,
        113.25808
      ],
      [
        0.353427,
        58.632931,
        -33.600487,
        110.040665,
        56.149342,
        -84.392349,
        113.840942
      ],
      [
        0.36176,
        58.065266,
        -28.321913,
        110.004128,
        63.102722,
        -78.745926,
        115.675423
      ],
      [
        0.370094,
        57.639397,
        -25.269648,
        108.91317,
        68.293831,
        -74.266113,
        118.205902
      ],
      [
        0.378427,
        57.677067,
        -24.190416,
        106.790199,
        72.310966,
        -70.899811,
        121.109062
      ],
      [
        0.38676,
        57.386135,
        -23.144238,
        104.813568,
        75.916252,
        -66.719337,
        123.756737
      ]
    ]
  }
}