{
  "ScriptType": "MotionData",
  "MotionFileName": "D:/ymir work/monster2/zombie_diseased_sword/20_1.gr2",
  "MotionDuration": 1.5,
  "AttackingData": {
    "AttackType": 0,
    "HittingType": 2,
    "StiffenTime": 0,
    "InvisibleTime": 0.3,
    "ExternalForce": 0,
    "HitLimitCount": 0,
    "MotionType": 1,
    "HitDataCount": 1
  },
  "HitData00": {
    "AttackingStartTime": 0.788321,
    "AttackingEndTime": 0.912409,
    "AttackingBone": "Bip01 R Hand",
    "WeaponLength": 137,
    "HitPosition": [
      [
        0.788321,
        -90.348236,
        -91.740448,
        170.548828,
        -146.435898,
        -44.8312,
        286.346344
      ],
      [
        0.796655,
        -86.424072,
        -101.223846,
        158.277313,
        -148.139297,
        -89.667221,
        279.971527
      ],
      [
        0.804988,
        -79.659004,
        -109.421143,
        145.109573,
        -143.45668,
        -137.305557,
        263.077118
      ],
      [
        0.813321,
        -71.030563,
        -115.222916,
        132.671158,
        -132.341339,
        -178.6371,
        237.496872
      ],
      [
        0.821655,
        -61.257324,
        -118.59816,
        121.079025,
        -115.908318,
        -211.419693,
        205.722458
      ],
      [
        0.829988,
        -50.887367,
        -119.544151,
        110.277939,
        -95.671974,
        -234.611313,
        169.608047
      ],
      [
        0.838321,
        -40.30864,
        -118.002441,
        100.152542,
        -73.009392,
        -247.575684,
        130.318512
      ],
      [
        0.846655,
        -29.842869,
        -113.908707,
        90.752121,
        -49.036633,
        -249.541458,
        89.25589
      ],
      [
        0.854988,
        -20.461981,
        -108.458656,
        83.422409,
        -25.73316,
        -242.214066,
        54.308453
      ],
      [
        0.863321,
        -12.765429,
        -102.725464,
        78.229416,
        -5.46049,
        -230.060989,
        28.220312
      ],
      [
        0.871655,
        -6.859959,
        -97.350464,
        74.71067,
        10.934133,
        -216.973877,
        10.352927
      ],
      [
        0.879988,
        -2.648714,
        -92.753746,
        72.430954,
        23.609854,
        -205.712585,
        -0.483498
      ],
      [
        0.888321,
        0.037937,
        -89.182861,
        71.045578,
        33.017426,
        -197.999161,
        -5.353858
      ],
      [
        0.896654,
        1.633195,
        -86.518013,
        70.225243,
        40.071945,
        -193.721939,
        -5.915557
      ],
      [
        0.904988,
        2.943769,
        -84.117546,
        69.610596,
        46.582973,
        -190.315887,
        -5.130844
      ]
    ]
  }
}