{
  "ScriptType": "MotionData",
  "MotionFileName": "D:\\Ymir Work\\monster2\\zombie_soldier_spear\\20_1.GR2",
  "MotionDuration": 1,
  "Accumulation": [
    0,
    0,
    0
  ],
  "AttackingData": {
    "AttackType": 0,
    "HittingType": 2,
    "StiffenTime": 0,
    "InvisibleTime": 0.3,
    "ExternalForce": 0,
    "HitLimitCount": 0,
    "MotionType": 1,
    "HitDataCount": 1
  },
  "HitData00": {
    "AttackingStartTime": 0.367397,
    "AttackingEndTime": 0.479319,
    "AttackingBone": "Bip01 R Hand",
    "WeaponLength": 190,
    "HitPosition": [
      [
        0.367397,
        54.020283,
        -48.281212,
        106.094299,
        159.979218,
        67.703209,
        212.945374
      ],
      [
        0.37573,
        40.828812,
        -58.326832,
        104.715012,
        191.024689,
        -1.660915,
        206.306305
      ],
      [
        0.384063,
        25.266783,
        -67.199089,
        103.113144,
        192.328445,
        -83.576271,
        192.106552
      ],
      [
        0.392397,
        8.451547,
        -74.240105,
        101.485031,
        163.476898,
        -156.350113,
        174.443542
      ],
      [
        0.40073,
        -9.626288,
        -79.064857,
        99.799118,
        113.577324,
        -212.153152,
        156.356918
      ],
      [
        0.409063,
        -28.908764,
        -81.049973,
        98.036163,
        51.066772,
        -248.331848,
        139.49408
      ],
      [
        0.417397,
        -49.20129,
        -79.031677,
        96.04657,
        -19.419964,
        -264.727844,
        123.059166
      ],
      [
        0.42573,
        -69.64212,
        -71.837036,
        93.896347,
        -92.61113,
        -259.959381,
        107.309273
      ],
      [
        0.434063,
        -88.599998,
        -58.547142,
        91.741821,
        -162.136078,
        -233.731369,
        92.87841
      ],
      [
        0.442397,
        -103.493134,
        -39.188141,
        89.774818,
        -221.16777,
        -188.052795,
        80.216743
      ],
      [
        0.45073,
        -111.509338,
        -16.251562,
        88.193726,
        -263.624512,
        -128.489716,
        69.161484
      ],
      [
        0.459063,
        -111.974762,
        7.894517,
        86.864609,
        -286.918579,
        -60.932293,
        59.351669
      ],
      [
        0.467396,
        -105.018799,
        30.94825,
        85.567818,
        -290.381317,
        8.6116,
        50.339642
      ],
      [
        0.47573,
        -92.550247,
        49.43576,
        84.171761,
        -276.833679,
        69.465324,
        42.49324
      ]
    ]
  }
}