{
  "ScriptType": "MotionData",
  "MotionFileName": "d:/ymir work/monster/thief2/20.gr2",
  "MotionDuration": 1.666667,
  "AttackingData": {
    "AttackingType": 1,
    "HittingType": 2,
    "StiffenTime": 0,
    "InvisibleTime": 0.3,
    "ExternalForce": 0,
    "AttackingStartTime": 0.57265,
    "AttackingEndTime": 0.75641,
    "AttackingBone": "Bip01 R Finger2",
    "WeaponLength": 70,
    "HitPosition": [
      [
        0.57265,
        -64.775818,
        14.849662,
        42.662228,
        -75.911781,
        82.088882,
        26.697462
      ],
      [
        0.580983,
        -64.048065,
        7.975663,
        43.14817,
        -91.986473,
        70.287331,
        27.763136
      ],
      [
        0.589316,
        -61.255817,
        -1.684813,
        41.511372,
        -102.73864,
        51.406292,
        22.524265
      ],
      [
        0.59765,
        -54.712952,
        -12.831755,
        37.735065,
        -105.221863,
        27.909283,
        11.485929
      ],
      [
        0.605983,
        -44.219563,
        -26.348198,
        33.955353,
        -99.374138,
        -2.056373,
        -1.651928
      ],
      [
        0.614316,
        -29.751801,
        -44.663303,
        34.379272,
        -85.108131,
        -44.549454,
        -8.465377
      ],
      [
        0.62265,
        -10.532449,
        -65.583488,
        43.948273,
        -59.537312,
        -95.422989,
        3.84684
      ],
      [
        0.630983,
        11.563408,
        -81.175606,
        64.779694,
        -25.243025,
        -136.064453,
        41.703754
      ],
      [
        0.639316,
        36.456242,
        -82.814934,
        86.764534,
        19.726929,
        -150.746078,
        84.422752
      ],
      [
        0.64765,
        64.868774,
        -68.688744,
        103.326736,
        78.868179,
        -135.172882,
        120.175255
      ],
      [
        0.655983,
        88.459816,
        -40.97831,
        109.754524,
        134.309616,
        -85.162834,
        138.832367
      ],
      [
        0.664316,
        97.436562,
        -19.265575,
        110.277184,
        154.612381,
        -40.344578,
        144.724213
      ],
      [
        0.67265,
        99.574455,
        -7.542358,
        110.96656,
        156.433945,
        -16.136076,
        150.880783
      ],
      [
        0.680983,
        99.32795,
        -3.930559,
        113.411972,
        150.31044,
        -9.668712,
        161.034012
      ],
      [
        0.689316,
        98.79628,
        -1.310493,
        115.364403,
        143.029404,
        -4.340598,
        169.533081
      ],
      [
        0.697649,
        98.212135,
        1.84825,
        116.502609,
        135.742844,
        3.288164,
        175.573502
      ],
      [
        0.705983,
        97.508888,
        5.524238,
        116.986946,
        128.307755,
        12.956832,
        179.406372
      ],
      [
        0.714316,
        96.475586,
        8.556007,
        117.627678,
        119.499115,
        21.438856,
        182.46553
      ],
      [
        0.722649,
        95.14502,
        10.600672,
        118.551704,
        109.337334,
        27.835997,
        184.895645
      ],
      [
        0.730983,
        93.610619,
        11.645905,
        119.609604,
        98.325348,
        32.22662,
        186.349411
      ],
      [
        0.739316,
        91.979538,
        12.235022,
        120.525017,
        87.291634,
        35.759476,
        186.28685
      ],
      [
        0.747649,
        90.30275,
        12.62711,
        121.198051,
        76.65918,
        38.88969,
        184.634048
      ],
      [
        0.755983,
        88.611557,
        12.816757,
        121.612267,
        66.624878,
        41.557404,
        181.533539
      ]
    ]
  }
}