{
  "ScriptType": "MotionData",
  "MotionFileName": "D:\\ymir work\\monster2\\nersluck_1\\20_1.GR2",
  "MotionDuration": 1.833333,
  "Accumulation": [
    0,
    0,
    0
  ],
  "AttackingData": {
    "AttackType": 0,
    "HittingType": 0,
    "StiffenTime": 0,
    "InvisibleTime": 0,
    "ExternalForce": 0,
    "HitLimitCount": 0,
    "MotionType": 0,
    "HitDataCount": 1
  },
  "HitData00": {
    "AttackingStartTime": 0.86983,
    "AttackingEndTime": 0.976886,
    "AttackingBone": "equip_right",
    "WeaponLength": 200,
    "HitPosition": [
      [
        0.86983,
        -149.603607,
        -244.181931,
        130.682159,
        -338.37146,
        -182.968475,
        155.501938
      ],
      [
        0.878163,
        -91.803894,
        -275.863983,
        127.331619,
        -287.109344,
        -304.871399,
        159.099976
      ],
      [
        0.886496,
        -36.569,
        -288.416107,
        122.273315,
        -203.54332,
        -392.609772,
        157.698318
      ],
      [
        0.89483,
        21.400026,
        -286.795502,
        116.456551,
        -88.128242,
        -450.722534,
        150.072693
      ],
      [
        0.903163,
        70.84198,
        -272.482727,
        109.748543,
        28.473305,
        -466.278809,
        135.171249
      ],
      [
        0.911496,
        108.863174,
        -249.98616,
        101.29763,
        131.089264,
        -448.329285,
        113.956802
      ],
      [
        0.91983,
        134.517502,
        -223.430176,
        90.480499,
        211.809906,
        -407.848114,
        86.603394
      ],
      [
        0.928163,
        151.227066,
        -199.548157,
        82.725861,
        270.231293,
        -359.526794,
        67.090698
      ],
      [
        0.936496,
        162.605164,
        -180.597,
        78.491684,
        311.166534,
        -313.061188,
        58.940887
      ],
      [
        0.94483,
        171.177017,
        -166.558395,
        77.030319,
        339.94754,
        -272.820557,
        62.041138
      ],
      [
        0.953163,
        178.245728,
        -155.376297,
        77.117004,
        361.018402,
        -236.450073,
        72.518272
      ],
      [
        0.961496,
        183.872726,
        -145.075378,
        77.536285,
        376.076599,
        -199.825928,
        85.280449
      ],
      [
        0.96983,
        188.422729,
        -135.833466,
        78.456718,
        385.236023,
        -163.735016,
        100.489471
      ]
    ]
  }
}