{
  "ScriptType": "MotionData",
  "MotionFileName": "d:/ymir work/monster2/ent_red/20.gr2",
  "MotionDuration": 1.333333,
  "AttackingData": {
    "AttackType": 0,
    "HittingType": 0,
    "StiffenTime": 0,
    "InvisibleTime": 0.3,
    "ExternalForce": 0,
    "HitLimitCount": 0,
    "MotionType": 2,
    "HitDataCount": 1
  },
  "HitData00": {
    "AttackingStartTime": 0.5515,
    "AttackingEndTime": 0.648824,
    "AttackingBone": "Bip01 L Hand",
    "WeaponLength": 0,
    "HitPosition": [
      [
        0.5515,
        -49.714581,
        -149.271805,
        69.981491,
        -49.714577,
        -149.27179,
        69.981483
      ],
      [
        0.559834,
        -35.994396,
        -166.965256,
        70.752823,
        -35.994392,
        -166.96524,
        70.752815
      ],
      [
        0.568167,
        -20.164558,
        -183.197693,
        74.754395,
        -20.164557,
        -183.197678,
        74.754387
      ],
      [
        0.5765,
        -2.153809,
        -197.3992,
        82.483414,
        -2.153809,
        -197.399185,
        82.483406
      ],
      [
        0.584834,
        17.91474,
        -208.735916,
        94.534927,
        17.914738,
        -208.735901,
        94.53492
      ],
      [
        0.593167,
        38.713177,
        -215.320526,
        109.614304,
        38.713173,
        -215.320511,
        109.614296
      ],
      [
        0.6015,
        58.727531,
        -216.837952,
        126.111374,
        58.727528,
        -216.837936,
        126.111366
      ],
      [
        0.609834,
        77.130203,
        -213.914764,
        143.211533,
        77.130196,
        -213.914749,
        143.211517
      ],
      [
        0.618167,
        93.44738,
        -207.200073,
        160.271164,
        93.447372,
        -207.200058,
        160.271149
      ],
      [
        0.6265,
        107.446274,
        -197.288589,
        176.761246,
        107.446266,
        -197.288574,
        176.76123
      ],
      [
        0.634834,
        118.485062,
        -185.765182,
        191.682297,
        118.485054,
        -185.765167,
        191.682281
      ],
      [
        0.643167,
        126.572502,
        -174.303192,
        204.201904,
        126.572495,
        -174.303177,
        204.201889
      ]
    ]
  }
}